first_name,last_name,age,nationality,height_cm,weight_kg,team_name,league_name,season,game_appearances,game_lineups,game_minutes,game_number,game_position,game_rating,game_captain,shots_total,shots_on,goals_total,goals_conceded,goals_assists,goals_saves,passes_total,passes_key,passes_accuracy,tackles_total,tackles_blocks,tackles_interceptions,duels_total,duels_won,dribble_attempts,dribble_success,dribble_past,fouls_drawn,fouls_committed,cards_yellow,cards_yellowred,cards_red,penalty_won,penalty_committed,penalty_scored,penalty_missed,penalty_saved
Lee,Grant,39.0,England,193 cm,83 kg,Manchester United,Premier League,2022,,,,,Goalkeeper,,False,,,,,,,,,,,,,,,,,,,,,,,,,,,
Tyler,Fredricson,17.0,England,,,Manchester United,Premier League,2022,,,,,Defender,,False,,,,,,,,,,,,,,,,,,,,,,,,,,,
Björn Bryan,Hardley,20.0,Netherlands,189 cm,,Manchester United,Premier League,2022,,,,,Defender,,False,,,,,,,,,,,,,,,,,,,,,,,,,,,
Sam,Murray,18.0,England,,,Manchester United,Premier League,2022,,,,,Defender,,False,,,,,,,,,,,,,,,,,,,,,,,,,,,
David,de Gea Quintana,33.0,Spain,192 cm,76 kg,Manchester United,Premier League,2022,38.0,38.0,3420.0,,Goalkeeper,6.93421,False,,,0.0,43.0,,101.0,1083.0,1.0,19.0,,,1.0,12.0,10.0,,,,5.0,,0.0,0.0,0.0,,,0.0,0.0,1.0
Phil Anthony,Jones,31.0,England,180 cm,71 kg,Manchester United,Premier League,2022,0.0,0.0,0.0,,Defender,,False,,,0.0,,,,,,,,,,,,,,,,,0.0,0.0,0.0,,,,,
Rhys Joseph,Wright Bennett,21.0,England,,,Manchester United,Premier League,2022,0.0,0.0,0.0,,Defender,,False,,,0.0,0.0,,,,,,,,,,,,,,,,0.0,0.0,0.0,,,0.0,0.0,
Charlie William Henry,Savage,21.0,Wales,182 cm,74 kg,Manchester United,Premier League,2022,0.0,0.0,0.0,,Midfielder,,False,,,0.0,,,,,,,,,,,,,,,,,0.0,0.0,0.0,,,,,
Alex,Nicolao Telles,32.0,Brazil,181 cm,71 kg,Manchester United,Premier League,2022,0.0,0.0,0.0,,Defender,,False,,,0.0,,,,,,,,,,,,,,,,,0.0,0.0,0.0,,,,,
Marcel,Sabitzer,30.0,Austria,178 cm,76 kg,Manchester United,Premier League,2022,11.0,7.0,628.0,,Midfielder,6.836363,False,7.0,3.0,0.0,0.0,1.0,,296.0,10.0,21.0,12.0,2.0,8.0,70.0,36.0,2.0,1.0,,10.0,8.0,1.0,0.0,0.0,,,0.0,0.0,
Martin,Dúbravka,35.0,Slovakia,190 cm,83 kg,Manchester United,Premier League,2022,0.0,0.0,0.0,,Goalkeeper,,False,,,0.0,0.0,,,,,,,,,,,,,,,,0.0,0.0,0.0,,,0.0,0.0,0.0
Shola Maxwell,Shoretire,20.0,England,170 cm,70 kg,Manchester United,Premier League,2022,0.0,0.0,0.0,,Attacker,,False,,,0.0,0.0,,,,,,,,,,,,,,,,0.0,0.0,0.0,,,0.0,0.0,
Antony Matheus,dos Santos,24.0,Brazil,174 cm,63 kg,Manchester United,Premier League,2022,25.0,23.0,1817.0,,Attacker,6.916,False,51.0,24.0,4.0,0.0,2.0,,774.0,29.0,25.0,22.0,,11.0,181.0,79.0,65.0,27.0,,25.0,15.0,5.0,0.0,0.0,,,0.0,0.0,
Alejandro,Garnacho Ferreyra,20.0,Argentina,180 cm,80 kg,Manchester United,Premier League,2022,19.0,5.0,562.0,,Attacker,6.488235,False,17.0,10.0,3.0,0.0,2.0,,185.0,3.0,8.0,5.0,,5.0,95.0,27.0,38.0,11.0,,8.0,8.0,3.0,0.0,0.0,,,0.0,0.0,
Amad,Diallo Traoré,22.0,Côte d'Ivoire,173 cm,72 kg,Manchester United,Premier League,2022,0.0,0.0,0.0,,Attacker,,False,,,0.0,,,,,,,,,,,,,,,,,0.0,0.0,0.0,,,,,
Marcus,Rashford,27.0,England,180 cm,70 kg,Manchester United,Premier League,2022,35.0,32.0,2889.0,,Attacker,6.914285,False,81.0,50.0,17.0,0.0,5.0,,779.0,30.0,17.0,20.0,4.0,7.0,302.0,117.0,127.0,54.0,,23.0,15.0,2.0,0.0,0.0,,,0.0,0.0,
Anthony Jordan,Martial,29.0,France,181 cm,76 kg,Manchester United,Premier League,2022,21.0,11.0,979.0,,Attacker,6.742857,False,21.0,13.0,6.0,0.0,2.0,,320.0,12.0,12.0,5.0,2.0,1.0,99.0,43.0,23.0,14.0,,14.0,8.0,0.0,0.0,0.0,,,1.0,0.0,
Scott Francis,McTominay,28.0,Scotland,193 cm,88 kg,Manchester United,Premier League,2022,24.0,10.0,1149.0,,Midfielder,6.669565,False,11.0,6.0,1.0,0.0,,,426.0,8.0,15.0,32.0,6.0,14.0,183.0,95.0,22.0,13.0,,16.0,28.0,8.0,0.0,0.0,,,0.0,0.0,
Kobbie Boateng,Mainoo,19.0,England,175 cm,,Manchester United,Premier League,2022,1.0,0.0,10.0,,Midfielder,6.2,False,,,0.0,0.0,,,8.0,,7.0,,1.0,,1.0,,1.0,,,,,0.0,0.0,0.0,,,0.0,0.0,
Carlos Henrique,Casimiro,32.0,Brazil,185 cm,84 kg,Manchester United,Premier League,2022,28.0,24.0,2126.0,,Midfielder,7.239285,False,28.0,11.0,4.0,0.0,3.0,,1412.0,29.0,39.0,90.0,11.0,34.0,320.0,179.0,17.0,9.0,,24.0,48.0,7.0,0.0,2.0,,,0.0,0.0,
Kelland John William James,Watts,25.0,England,192 cm,75 kg,Newcastle,Premier League,2022,0.0,0.0,0.0,,Defender,,False,,,0.0,,,,,,,,,,,,,,,,,0.0,0.0,0.0,,,,,
Bruno,Guimarães Rodriguez Moura,27.0,Brazil,182 cm,74 kg,Newcastle,Premier League,2022,32.0,32.0,2735.0,,Midfielder,7.165625,False,21.0,8.0,4.0,0.0,5.0,,1632.0,43.0,43.0,79.0,4.0,36.0,393.0,225.0,70.0,44.0,,83.0,45.0,7.0,0.0,0.0,,,0.0,0.0,
Alexander,Isak,25.0,Sweden,192 cm,77 kg,Newcastle,Premier League,2022,22.0,17.0,1527.0,,Attacker,7.00909,False,33.0,25.0,10.0,0.0,1.0,,352.0,16.0,12.0,18.0,2.0,4.0,207.0,87.0,62.0,32.0,,15.0,19.0,3.0,0.0,0.0,,,2.0,0.0,
Anthony Michael,Gordon,23.0,England,183 cm,72 kg,Newcastle,Premier League,2022,16.0,4.0,480.0,,Attacker,6.725,False,19.0,16.0,1.0,0.0,,,253.0,8.0,11.0,34.0,,4.0,182.0,68.0,38.0,10.0,,15.0,20.0,1.0,0.0,0.0,,,0.0,0.0,
Callum Eddie Graham,Wilson,32.0,England,180 cm,66 kg,Newcastle,Premier League,2022,31.0,21.0,1885.0,,Attacker,6.98387,False,63.0,35.0,18.0,0.0,5.0,,235.0,23.0,5.0,9.0,,1.0,195.0,73.0,31.0,12.0,,31.0,21.0,4.0,0.0,0.0,,,3.0,0.0,
Joelinton Cássio,Apolinário de Lira,28.0,Brazil,186 cm,81 kg,Newcastle,Premier League,2022,32.0,30.0,2664.0,,Attacker,7.0375,False,38.0,20.0,6.0,0.0,1.0,,1230.0,26.0,31.0,70.0,7.0,48.0,474.0,222.0,94.0,52.0,,34.0,65.0,12.0,0.0,0.0,,,0.0,0.0,
Lewis,Miley,18.0,England,185 cm,,Newcastle,Premier League,2022,1.0,0.0,15.0,,Midfielder,6.9,False,1.0,,0.0,0.0,,,6.0,,5.0,,,,,,,,,,,0.0,0.0,0.0,,,0.0,0.0,
Sean David,Longstaff,27.0,England,180 cm,65 kg,Newcastle,Premier League,2022,33.0,28.0,2517.0,,Midfielder,6.721212,False,18.0,7.0,1.0,0.0,4.0,,1125.0,23.0,28.0,42.0,8.0,16.0,243.0,111.0,25.0,7.0,,39.0,29.0,2.0,0.0,0.0,,,0.0,0.0,
Elliot,Anderson,22.0,Scotland,179 cm,,Newcastle,Premier League,2022,22.0,3.0,393.0,,Midfielder,6.62,False,7.0,4.0,0.0,0.0,1.0,,185.0,9.0,7.0,11.0,2.0,6.0,82.0,42.0,23.0,10.0,,10.0,6.0,0.0,0.0,0.0,,,0.0,0.0,
Joseph George,Willock,25.0,England,179 cm,71 kg,Newcastle,Premier League,2022,35.0,31.0,2577.0,,Midfielder,6.874285,False,37.0,17.0,3.0,0.0,6.0,,888.0,40.0,21.0,51.0,8.0,25.0,279.0,125.0,78.0,35.0,,23.0,35.0,1.0,0.0,0.0,,,0.0,0.0,
Miguel Ángel,Almirón Rejala,30.0,Paraguay,174 cm,70 kg,Newcastle,Premier League,2022,34.0,29.0,2508.0,,Midfielder,6.982352,False,44.0,21.0,11.0,0.0,2.0,,932.0,26.0,23.0,47.0,2.0,10.0,232.0,118.0,66.0,32.0,,33.0,22.0,2.0,0.0,0.0,,,0.0,0.0,
Jacob Kai,Murphy,29.0,England,179 cm,74 kg,Newcastle,Premier League,2022,36.0,14.0,1243.0,,Midfielder,6.688235,False,21.0,10.0,4.0,0.0,2.0,,383.0,20.0,8.0,15.0,,7.0,119.0,44.0,33.0,12.0,,14.0,8.0,0.0,0.0,0.0,,,0.0,0.0,
Matthew Thomas,Ritchie,35.0,Scotland,172 cm,76 kg,Newcastle,Premier League,2022,7.0,0.0,32.0,,Midfielder,6.633333,False,,,0.0,0.0,,,29.0,1.0,5.0,1.0,,1.0,5.0,3.0,1.0,1.0,,,,0.0,0.0,0.0,,,0.0,0.0,
Daniel Johnson,Burn,32.0,England,198 cm,87 kg,Newcastle,Premier League,2022,38.0,35.0,3116.0,,Defender,6.821052,False,15.0,4.0,1.0,0.0,,,1438.0,16.0,29.0,61.0,16.0,32.0,282.0,160.0,23.0,11.0,,4.0,35.0,6.0,0.0,0.0,,,0.0,0.0,
Emil Henry Kristoffer,Krafth,30.0,Sweden,184 cm,83 kg,Newcastle,Premier League,2022,1.0,0.0,0.0,,Defender,,False,,,0.0,0.0,,,,,,,,,,,,,,,,0.0,0.0,0.0,,,0.0,0.0,
Matthew Robert,Targett,29.0,England,183 cm,70 kg,Newcastle,Premier League,2022,17.0,6.0,602.0,,Defender,6.6,False,,,0.0,0.0,,,328.0,10.0,15.0,13.0,3.0,9.0,67.0,29.0,2.0,2.0,,3.0,10.0,1.0,0.0,0.0,,,0.0,0.0,
Jamaal,Lascelles,31.0,England,188 cm,89 kg,Newcastle,Premier League,2022,7.0,2.0,214.0,,Defender,6.416666,False,1.0,,0.0,0.0,,,93.0,,15.0,1.0,2.0,,17.0,8.0,,,,2.0,6.0,4.0,0.0,0.0,,,0.0,0.0,
Fabian Lukas,Schär,33.0,Switzerland,186 cm,84 kg,Newcastle,Premier League,2022,36.0,36.0,3209.0,,Defender,7.116666,False,45.0,15.0,1.0,0.0,3.0,,1815.0,19.0,39.0,48.0,19.0,52.0,294.0,191.0,11.0,4.0,,27.0,20.0,7.0,0.0,0.0,,,0.0,0.0,
Sven Adriaan,Botman,24.0,Netherlands,193 cm,81 kg,Newcastle,Premier League,2022,36.0,35.0,3128.0,,Defender,6.991428,False,16.0,7.0,0.0,0.0,,,1754.0,9.0,42.0,38.0,24.0,34.0,189.0,126.0,1.0,1.0,,12.0,15.0,2.0,0.0,0.0,,,0.0,0.0,
Paul,Dummett,33.0,Wales,183 cm,82 kg,Newcastle,Premier League,2022,0.0,0.0,0.0,,Defender,,False,,,0.0,0.0,,,,,,,,,,,,,,,,0.0,0.0,0.0,,,0.0,0.0,
Gary,Cahill,37.0,England,193 cm,86 kg,Bournemouth,Premier League,2022,,,,,Defender,,False,,,,,,,,,,,,,,,,,,,,,,,,,,,
Tarik,Gidaree,19.0,England,,,Bournemouth,Premier League,2022,,,,,Defender,,False,,,,,,,,,,,,,,,,,,,,,,,,,,,
Brooklyn David Anthony,Genesini,22.0,England,,,Bournemouth,Premier League,2022,,,,,Defender,,False,,,,,,,,,,,,,,,,,,,,,,,,,,,
Ferdinand,Okoh,19.0,England,171 cm,,Bournemouth,Premier League,2022,0.0,0.0,0.0,,Midfielder,,False,,,0.0,,,,,,,,,,,,,,,,,0.0,0.0,0.0,,,,,
Michael,Dacosta Gonzales,18.0,Spain,186 cm,,Bournemouth,Premier League,2022,0.0,0.0,0.0,,Midfielder,,False,,,0.0,0.0,,,,,,,,,,,,,,,,0.0,0.0,0.0,,,0.0,0.0,
Felix Junior,Stanislas,34.0,England,183 cm,76 kg,Bournemouth,Premier League,2022,4.0,0.0,57.0,,Midfielder,6.5,False,1.0,,0.0,0.0,,,27.0,2.0,7.0,,1.0,,2.0,,,,,,,0.0,0.0,0.0,,,0.0,0.0,
Euan,Pollock,21.0,England,173 cm,,Bournemouth,Premier League,2022,0.0,0.0,0.0,,Attacker,,False,,,0.0,0.0,,,,,,,,,,,,,,,,0.0,0.0,0.0,,,0.0,0.0,
Owen Lucas,Bevan,21.0,Wales,,,Bournemouth,Premier League,2022,1.0,0.0,8.0,,Defender,6.3,False,,,0.0,0.0,,,3.0,,2.0,,,,,,,,,,,0.0,0.0,0.0,,,0.0,0.0,
Daniel William Kwabena,Adu-Adjei,19.0,England,177 cm,,Bournemouth,Premier League,2022,0.0,0.0,0.0,,Midfielder,,False,,,0.0,0.0,,,,,,,,,,,,,,,,0.0,0.0,0.0,,,0.0,0.0,
Jack,Wadham,21.0,England,183 cm,,Bournemouth,Premier League,2022,0.0,0.0,0.0,,Midfielder,,False,,,0.0,,,,,,,,,,,,,,,,,0.0,0.0,0.0,,,,,
Christian,Saydee,22.0,England,184 cm,,Bournemouth,Premier League,2022,0.0,0.0,0.0,,Attacker,,False,,,0.0,0.0,,,,,,,,,,,,,,,,0.0,0.0,0.0,,,0.0,0.0,
Ben,Greenwood,21.0,Republic of Ireland,170 cm,70 kg,Bournemouth,Premier League,2022,0.0,0.0,0.0,,Defender,,False,,,0.0,0.0,,,,,,,,,,,,,,,,0.0,0.0,0.0,,,0.0,0.0,
Kieffer Roberto Francisco,Moore,32.0,Wales,196 cm,89 kg,Bournemouth,Premier League,2022,27.0,12.0,1270.0,,Attacker,6.647619,False,22.0,9.0,4.0,0.0,,,353.0,5.0,9.0,14.0,5.0,1.0,248.0,113.0,8.0,1.0,,30.0,26.0,1.0,0.0,0.0,,,0.0,0.0,
Maxwell,Kinsey-Wellings,19.0,England,,,Bournemouth,Premier League,2022,0.0,0.0,0.0,,Defender,,False,,,0.0,0.0,,,,,,,,,,,,,,,,0.0,0.0,0.0,,,0.0,0.0,
Ryan,Christie,29.0,Scotland,178 cm,79 kg,Bournemouth,Premier League,2022,32.0,22.0,1841.0,,Midfielder,6.634375,False,18.0,9.0,1.0,0.0,1.0,,613.0,30.0,16.0,34.0,4.0,26.0,299.0,132.0,79.0,37.0,,45.0,36.0,2.0,0.0,0.0,,,0.0,0.0,
Lewis John,Cook,27.0,England,175 cm,71 kg,Bournemouth,Premier League,2022,28.0,18.0,1712.0,,Midfielder,6.707142,False,3.0,,0.0,0.0,2.0,,703.0,24.0,21.0,37.0,10.0,23.0,135.0,60.0,16.0,6.0,,10.0,15.0,4.0,0.0,0.0,,,0.0,0.0,
Illia,Zabarnyi,22.0,Ukraine,189 cm,80 kg,Bournemouth,Premier League,2022,5.0,3.0,297.0,,Defender,6.5,False,,,0.0,0.0,,,199.0,,36.0,4.0,2.0,3.0,18.0,8.0,1.0,1.0,,2.0,1.0,0.0,0.0,0.0,,,0.0,0.0,
Marcos Nicolás,Senesi Barón,27.0,Argentina,185 cm,80 kg,Bournemouth,Premier League,2022,31.0,29.0,2496.0,,Defender,6.770967,False,7.0,3.0,2.0,0.0,,,1291.0,5.0,33.0,50.0,20.0,43.0,176.0,97.0,12.0,8.0,,13.0,29.0,7.0,0.0,0.0,,,0.0,0.0,
James Clayton,Hill,22.0,England,184 cm,73 kg,Bournemouth,Premier League,2022,0.0,0.0,0.0,,Defender,,False,,,0.0,0.0,,,,,,,,,,,,,,,,0.0,0.0,0.0,,,0.0,0.0,
Christopher James,Mepham,27.0,Wales,193 cm,88 kg,Bournemouth,Premier League,2022,26.0,24.0,2198.0,,Defender,6.815384,False,7.0,4.0,0.0,0.0,,,1022.0,4.0,32.0,45.0,27.0,30.0,172.0,107.0,6.0,2.0,,7.0,16.0,7.0,0.0,0.0,,,0.0,0.0,
Stefan Charles Earl,Parkes,19.0,England,,,Fulham,Premier League,2022,0.0,0.0,0.0,,Defender,,False,,,0.0,0.0,,,,,,,,,,,,,,,,0.0,0.0,0.0,,,0.0,0.0,
Charlie James,Robinson,19.0,England,,,Fulham,Premier League,2022,0.0,0.0,0.0,,Defender,,False,,,0.0,0.0,,,,,,,,,,,,,,,,0.0,0.0,0.0,,,0.0,0.0,
Callum,McFarlane,20.0,England,,,Fulham,Premier League,2022,0.0,0.0,0.0,,Attacker,,False,,,0.0,,,,,,,,,,,,,,,,,0.0,0.0,0.0,,,,,
Joshua Oghenetega Peter,Onomah,26.0,England,185 cm,70 kg,Fulham,Premier League,2022,2.0,0.0,13.0,,Midfielder,6.3,False,,,0.0,0.0,,,6.0,,4.0,1.0,,,4.0,2.0,1.0,,,,,0.0,0.0,0.0,,,0.0,0.0,
Luciano Paul,D'Auria-Henry,21.0,England,,,Fulham,Premier League,2022,0.0,0.0,0.0,,Defender,,False,,,0.0,,,,,,,,,,,,,,,,,0.0,0.0,0.0,,,,,
Neeskens,Kebano,32.0,Congo DR,170 cm,65 kg,Fulham,Premier League,2022,17.0,9.0,764.0,,Midfielder,6.606666,False,8.0,2.0,0.0,0.0,3.0,,188.0,13.0,8.0,17.0,,1.0,97.0,44.0,23.0,9.0,,16.0,8.0,0.0,0.0,0.0,,,0.0,0.0,
Aleksandar,Mitrović,30.0,Serbia,189 cm,89 kg,Fulham,Premier League,2022,24.0,23.0,2015.0,,Attacker,7.070833,False,76.0,35.0,14.0,0.0,1.0,,489.0,16.0,12.0,14.0,5.0,3.0,401.0,177.0,45.0,23.0,,40.0,34.0,7.0,0.0,0.0,,,4.0,4.0,
Marek,Rodák,28.0,Slovakia,194 cm,81 kg,Fulham,Premier League,2022,2.0,2.0,180.0,,Goalkeeper,6.6,False,,,0.0,2.0,,2.0,58.0,,13.0,,,,1.0,1.0,,,,,,0.0,0.0,0.0,,,0.0,0.0,3.0
Becket Fabrice-Martial,Godo,21.0,England,,,Fulham,Premier League,2022,0.0,0.0,0.0,,Attacker,,False,,,0.0,0.0,,,,,,,,,,,,,,,,0.0,0.0,0.0,,,0.0,0.0,
Luke Bernard,Harris,19.0,Wales,177 cm,,Fulham,Premier League,2022,3.0,0.0,10.0,,Midfielder,,False,,,0.0,0.0,,,,,,,,,,,,,,,,0.0,0.0,0.0,,,0.0,0.0,
Tyrese Jay,Francois,24.0,Australia,173 cm,60 kg,Fulham,Premier League,2022,1.0,0.0,0.0,,Midfielder,6.2,False,,,0.0,0.0,,,2.0,,2.0,,,,,,,,,,,0.0,0.0,0.0,,,0.0,0.0,
Terry,Ablade,23.0,Finland,,,Fulham,Premier League,2022,0.0,0.0,0.0,,Attacker,,False,,,0.0,0.0,,,,,,,,,,,,,,,,0.0,0.0,0.0,,,0.0,0.0,
Cédric Ricardo,Alves Soares,33.0,Portugal,172 cm,67 kg,Fulham,Premier League,2022,6.0,2.0,195.0,,Defender,6.3,False,,,0.0,0.0,,,20.0,,18.0,,,,3.0,,,,,,1.0,0.0,0.0,0.0,,,0.0,0.0,
Manor,Solomon,25.0,Israel,170 cm,66 kg,Fulham,Premier League,2022,19.0,4.0,560.0,,Attacker,6.763157,False,9.0,7.0,4.0,0.0,,,199.0,6.0,9.0,21.0,,5.0,88.0,47.0,34.0,19.0,,4.0,5.0,0.0,0.0,0.0,,,0.0,0.0,
Rodrigo,Muniz Carvalho,23.0,Brazil,178 cm,67 kg,Fulham,Premier League,2022,0.0,0.0,0.0,,Attacker,,False,,,0.0,0.0,,,,,,,,,,,,,,,,0.0,0.0,0.0,,,0.0,0.0,
Willian,Borges da Silva,36.0,Brazil,175 cm,77 kg,Fulham,Premier League,2022,27.0,25.0,2142.0,,Attacker,7.066666,False,28.0,18.0,5.0,0.0,5.0,,846.0,51.0,25.0,13.0,,9.0,178.0,82.0,59.0,37.0,,24.0,11.0,2.0,0.0,0.0,,,0.0,0.0,
Bobby Armani,De Cordova-Reid,31.0,Jamaica,170 cm,68 kg,Fulham,Premier League,2022,36.0,29.0,2486.0,,Attacker,6.630555,False,22.0,10.0,4.0,0.0,1.0,,782.0,19.0,16.0,42.0,3.0,20.0,243.0,93.0,44.0,18.0,,21.0,34.0,8.0,0.0,0.0,,,0.0,0.0,
Kristian,Šekularac,21.0,Switzerland,,,Fulham,Premier League,2022,0.0,0.0,0.0,,Midfielder,,False,,,0.0,0.0,,,,,,,,,,,,,,,,0.0,0.0,0.0,,,0.0,0.0,
Matthew Max,Dibley-Dias,21.0,New Zealand,183 cm,,Fulham,Premier League,2022,0.0,0.0,0.0,,Midfielder,,False,,,0.0,0.0,,,,,,,,,,,,,,,,0.0,0.0,0.0,,,0.0,0.0,
Saša,Lukić,28.0,Serbia,183 cm,76 kg,Fulham,Premier League,2022,12.0,4.0,407.0,,Midfielder,6.581818,False,3.0,1.0,0.0,0.0,,,215.0,,15.0,8.0,2.0,5.0,50.0,26.0,5.0,4.0,,10.0,13.0,1.0,0.0,0.0,,,0.0,0.0,
Shane Patrick Michael,Duffy,32.0,Republic of Ireland,193 cm,76 kg,Fulham,Premier League,2022,4.0,0.0,2.0,,Defender,4.2,False,1.0,,0.0,0.0,,,20.0,,8.0,,,,5.0,4.0,1.0,1.0,,1.0,,0.0,0.0,0.0,,,0.0,0.0,
João Maria,Lobo Alves Palhares Costa Palh,29.0,Portugal,190 cm,84 kg,Fulham,Premier League,2022,35.0,35.0,3113.0,,Midfielder,6.977142,False,27.0,9.0,3.0,0.0,,,1266.0,7.0,30.0,146.0,5.0,46.0,472.0,281.0,29.0,14.0,,50.0,48.0,14.0,0.0,0.0,,,0.0,0.0,
Andreas Hugo,Hoelgebaum Pereira,28.0,Brazil,178 cm,71 kg,Fulham,Premier League,2022,33.0,33.0,2718.0,,Midfielder,6.863636,False,48.0,23.0,4.0,0.0,6.0,,853.0,61.0,19.0,18.0,3.0,6.0,244.0,75.0,42.0,17.0,,31.0,41.0,8.0,0.0,0.0,,,1.0,0.0,
Thomas,Cairney,33.0,Scotland,185 cm,84 kg,Fulham,Premier League,2022,33.0,6.0,967.0,,Midfielder,6.731034,False,8.0,3.0,2.0,0.0,,,707.0,12.0,20.0,17.0,3.0,5.0,106.0,56.0,17.0,9.0,,22.0,8.0,2.0,0.0,0.0,,,0.0,0.0,
James,Storer,,England,,,Wolves,Premier League,2022,,,,,Goalkeeper,,False,,,,,,,,,,,,,,,,,,,,,,,,,,,
Chem,Campbell,22.0,Wales,,,Wolves,Premier League,2022,5.0,0.0,69.0,,Midfielder,6.4,False,2.0,,0.0,0.0,,,28.0,,5.0,2.0,,1.0,17.0,7.0,4.0,2.0,,1.0,,0.0,0.0,0.0,,,0.0,0.0,
Louie,Moulden,22.0,England,190 cm,,Wolves,Premier League,2022,0.0,0.0,0.0,,Goalkeeper,,False,,,0.0,,,,,,,,,,,,,,,,,0.0,0.0,0.0,,,,,
Tote António,Gomes,25.0,Portugal,187 cm,72 kg,Wolves,Premier League,2022,17.0,10.0,980.0,,Defender,6.847058,False,5.0,2.0,1.0,0.0,,,496.0,4.0,24.0,15.0,8.0,11.0,91.0,46.0,15.0,9.0,,5.0,16.0,6.0,0.0,0.0,,,0.0,0.0,
João Victor,Gomes da Silva,23.0,Brazil,176 cm,74 kg,Wolves,Premier League,2022,11.0,7.0,651.0,,Midfielder,6.827272,False,2.0,2.0,1.0,0.0,,,312.0,5.0,22.0,29.0,3.0,4.0,103.0,60.0,15.0,8.0,,16.0,17.0,5.0,0.0,0.0,,,0.0,0.0,
Mario René Junior,Lemina,31.0,Gabon,184 cm,85 kg,Wolves,Premier League,2022,19.0,17.0,1306.0,,Midfielder,6.689473,False,5.0,2.0,0.0,0.0,1.0,,647.0,3.0,29.0,38.0,8.0,14.0,127.0,75.0,14.0,11.0,,9.0,18.0,3.0,1.0,0.0,,,0.0,0.0,
Rayan,Aït-Nouri,23.0,Algeria,180 cm,70 kg,Wolves,Premier League,2022,21.0,9.0,1068.0,,Defender,6.628571,False,8.0,5.0,1.0,0.0,,,473.0,7.0,18.0,33.0,,9.0,149.0,83.0,43.0,25.0,,11.0,15.0,4.0,0.0,0.0,,,0.0,0.0,
Saša,Kalajdžić,27.0,Austria,200 cm,90 kg,Wolves,Premier League,2022,1.0,1.0,46.0,,Attacker,6.3,False,1.0,,0.0,0.0,,,4.0,,2.0,,,1.0,1.0,1.0,,,,1.0,,0.0,0.0,0.0,,,0.0,0.0,
Leander,Dendoncker,29.0,Belgium,188 cm,83 kg,Wolves,Premier League,2022,4.0,2.0,212.0,,Midfielder,6.589473,False,1.0,,0.0,0.0,,,281.0,5.0,13.0,19.0,4.0,10.0,56.0,32.0,4.0,2.0,,1.0,1.0,0.0,0.0,0.0,,,0.0,0.0,
Morgan Anthony,Gibbs-White,24.0,England,171 cm,,Wolves,Premier League,2022,2.0,2.0,180.0,,Midfielder,7.008571,False,42.0,22.0,0.0,0.0,8.0,,896.0,68.0,17.0,26.0,4.0,14.0,402.0,152.0,86.0,42.0,,28.0,32.0,1.0,0.0,0.0,,,2.0,0.0,
Willy-Arnaud,Zobo Boly,33.0,Côte d'Ivoire,195 cm,92 kg,Wolves,Premier League,2022,0.0,0.0,0.0,,Defender,6.82,False,1.0,1.0,0.0,0.0,1.0,,257.0,1.0,19.0,13.0,4.0,12.0,53.0,34.0,1.0,1.0,,5.0,5.0,0.0,0.0,0.0,,,0.0,0.0,
Nathan Michael,Collins,23.0,Republic of Ireland,193 cm,,Wolves,Premier League,2022,26.0,19.0,1808.0,,Defender,6.804166,False,2.0,,0.0,0.0,,,1129.0,2.0,41.0,27.0,28.0,21.0,145.0,80.0,7.0,7.0,,9.0,17.0,2.0,0.0,1.0,,,0.0,0.0,
Adama,Traoré Diarra,28.0,Spain,178 cm,86 kg,Wolves,Premier League,2022,34.0,12.0,1483.0,,Attacker,6.714705,False,15.0,8.0,2.0,0.0,1.0,,410.0,24.0,9.0,14.0,1.0,3.0,244.0,133.0,80.0,46.0,,34.0,21.0,2.0,0.0,0.0,,,0.0,0.0,
Raúl Alonso,Jiménez Rodríguez,33.0,Mexico,190 cm,76 kg,Wolves,Premier League,2022,15.0,8.0,842.0,,Attacker,6.72,False,17.0,9.0,0.0,0.0,1.0,,189.0,9.0,8.0,9.0,,,112.0,52.0,9.0,5.0,,14.0,14.0,0.0,0.0,0.0,,,0.0,0.0,
Nathan John Mark,Fraser,19.0,Republic of Ireland,188 cm,82 kg,Wolves,Premier League,2022,0.0,0.0,0.0,,Attacker,,False,,,0.0,0.0,,,,,,,,,,,,,,,,0.0,0.0,0.0,,,0.0,0.0,
Matheus Santos,Carneiro da Cunha,25.0,Brazil,183 cm,76 kg,Wolves,Premier League,2022,17.0,12.0,971.0,,Attacker,6.829411,False,17.0,7.0,2.0,0.0,,,222.0,7.0,9.0,7.0,3.0,9.0,147.0,61.0,34.0,26.0,,21.0,20.0,1.0,0.0,0.0,,,0.0,0.0,
Hee-Chan,Hwang,28.0,Korea Republic,177 cm,77 kg,Wolves,Premier League,2022,27.0,12.0,1128.0,,Attacker,6.614814,False,13.0,7.0,3.0,0.0,1.0,,264.0,10.0,7.0,20.0,2.0,5.0,154.0,58.0,25.0,12.0,,19.0,20.0,1.0,0.0,0.0,,,0.0,0.0,
Pedro,Lomba Neto,24.0,Portugal,172 cm,62 kg,Wolves,Premier League,2022,18.0,13.0,970.0,,Attacker,6.6875,False,9.0,3.0,0.0,0.0,,,312.0,21.0,15.0,11.0,1.0,4.0,111.0,44.0,48.0,18.0,,15.0,8.0,2.0,0.0,0.0,,,0.0,0.0,
Harvey,Lawson Griffiths,21.0,England,,,Wolves,Premier League,2022,0.0,0.0,0.0,,Midfielder,,False,,,0.0,0.0,,,,,,,,,,,,,,,,0.0,0.0,0.0,,,0.0,0.0,
Pablo,Sarabia García,32.0,Spain,174 cm,70 kg,Wolves,Premier League,2022,13.0,9.0,768.0,,Midfielder,6.584615,False,13.0,5.0,1.0,0.0,,,314.0,11.0,18.0,12.0,,2.0,81.0,25.0,11.0,2.0,,8.0,13.0,3.0,0.0,0.0,,,0.0,0.0,
Harvey,Blair,19.0,England,,,Liverpool,Premier League,2022,,,,,Attacker,,False,,,,,,,,,,,,,,,,,,,,,,,,,,,
Marcelo,de Araújo Pitaluga Filho,20.0,Brazil,191 cm,75 kg,Liverpool,Premier League,2022,,,,,Goalkeeper,,False,,,,,,,,,,,,,,,,,,,,,,,,,,,
Dominic,Corness,19.0,England,,,Liverpool,Premier League,2022,,,,,Midfielder,,False,,,,,,,,,,,,,,,,,,,,,,,,,,,
Kaide,Gordon,19.0,England,,,Liverpool,Premier League,2022,,,,,Attacker,,False,,,,,,,,,,,,,,,,,,,,,,,,,,,
Melkamu Benjamin Daniel,Frauendorf,19.0,Germany,,,Liverpool,Premier League,2022,0.0,0.0,0.0,,Midfielder,,False,,,0.0,,,,,,,,,,,,,,,,,0.0,0.0,0.0,,,,,
Isaac,Mabaya,20.0,Zimbabwe,,,Liverpool,Premier League,2022,0.0,0.0,0.0,,Midfielder,,False,,,0.0,,,,,,,,,,,,,,,,,0.0,0.0,0.0,,,,,
Liam John,Hughes,23.0,Northern Ireland,,,Liverpool,Premier League,2022,0.0,0.0,0.0,,Goalkeeper,,False,,,0.0,,,,,,,,,,,,,,,,,0.0,0.0,0.0,,,,,
Harvey,Davies,21.0,England,,,Liverpool,Premier League,2022,0.0,0.0,0.0,,Goalkeeper,,False,,,0.0,0.0,,,,,,,,,,,,,,,,0.0,0.0,0.0,,,0.0,0.0,0.0
Luke,Chambers,20.0,England,,,Liverpool,Premier League,2022,0.0,0.0,0.0,,Defender,,False,,,0.0,0.0,,,,,,,,,,,,,,,,0.0,0.0,0.0,,,0.0,0.0,
Calvin William,Ramsay,21.0,Scotland,177 cm,68 kg,Liverpool,Premier League,2022,0.0,0.0,0.0,,Defender,,False,,,0.0,0.0,,,,,,,,,,,,,,,,0.0,0.0,0.0,,,0.0,0.0,
James Barry,Norris,21.0,England,,,Liverpool,Premier League,2022,0.0,0.0,0.0,,Defender,,False,,,0.0,,,,,,,,,,,,,,,,,0.0,0.0,0.0,,,,,
Jarell,Amorin Quansah,21.0,England,,,Liverpool,Premier League,2022,0.0,0.0,0.0,,Defender,,False,,,0.0,,,,,,,,,,,,,,,,,0.0,0.0,0.0,,,,,
Trent John,Alexander-Arnold,26.0,England,175 cm,72 kg,Liverpool,Premier League,2022,37.0,34.0,2931.0,,Defender,7.305405,False,25.0,8.0,2.0,0.0,9.0,,2309.0,72.0,50.0,57.0,7.0,43.0,216.0,113.0,43.0,30.0,,6.0,22.0,5.0,0.0,0.0,,,0.0,0.0,
Caoimhín Odhrán,Kelleher,26.0,Republic of Ireland,188 cm,74 kg,Liverpool,Premier League,2022,1.0,1.0,90.0,,Goalkeeper,6.7,False,,,0.0,4.0,,6.0,17.0,,16.0,,,,,,,,,,,0.0,0.0,0.0,,,0.0,0.0,1.0
Mohamed,Salah Hamed Mahrous Ghaly,32.0,Egypt,175 cm,71 kg,Liverpool,Premier League,2022,38.0,37.0,3297.0,,Attacker,7.118421,False,97.0,47.0,19.0,0.0,12.0,,1120.0,66.0,23.0,21.0,,6.0,324.0,111.0,121.0,49.0,,33.0,20.0,2.0,0.0,0.0,,,2.0,2.0,
Thomas Daniel,Hill,22.0,Wales,,,Liverpool,Premier League,2022,0.0,0.0,0.0,,Midfielder,,False,,,0.0,,,,,,,,,,,,,,,,,0.0,0.0,0.0,,,,,
James Philip,Milner,38.0,England,175 cm,70 kg,Liverpool,Premier League,2022,31.0,7.0,893.0,,Midfielder,6.643333,False,6.0,1.0,0.0,0.0,1.0,,607.0,13.0,15.0,26.0,2.0,12.0,136.0,65.0,19.0,11.0,,15.0,16.0,2.0,0.0,0.0,,,0.0,0.0,
Ben,Gannon Doak,19.0,Scotland,,,Liverpool,Premier League,2022,2.0,0.0,24.0,,Attacker,6.3,False,,,0.0,0.0,,,14.0,,5.0,3.0,,,8.0,4.0,4.0,,,1.0,1.0,0.0,0.0,0.0,,,0.0,0.0,
Cody Mathès,Gakpo,25.0,Netherlands,193 cm,76 kg,Liverpool,Premier League,2022,21.0,17.0,1465.0,,Attacker,7.066666,False,27.0,13.0,7.0,0.0,2.0,,371.0,23.0,13.0,26.0,1.0,4.0,230.0,108.0,36.0,23.0,,33.0,26.0,0.0,0.0,0.0,,,0.0,0.0,
Diogo José,Teixeira da Silva,28.0,Portugal,178 cm,68 kg,Liverpool,Premier League,2022,22.0,12.0,1131.0,,Attacker,6.804545,False,27.0,11.0,7.0,0.0,4.0,,373.0,17.0,12.0,23.0,,3.0,180.0,70.0,35.0,14.0,,15.0,19.0,2.0,0.0,0.0,,,0.0,0.0,
Jimmy Jay,Morgan,17.0,England,,,Southampton,Premier League,2022,0.0,0.0,0.0,,Attacker,,False,,,0.0,0.0,,,,,,,,,,,,,,,,0.0,0.0,0.0,,,0.0,0.0,
Diamond,Diamond Lazane Edwards,20.0,England,,,Southampton,Premier League,2022,0.0,0.0,0.0,,Midfielder,,False,,,0.0,,,,,,,,,,,,,,,,,0.0,0.0,0.0,,,,,
Dynel Brown,Kembo Simeu,21.0,England,186 cm,83 kg,Southampton,Premier League,2022,0.0,0.0,0.0,,Defender,,False,,,0.0,,,,,,,,,,,,,,,,,0.0,0.0,0.0,,,,,
Wilfredo Daniel,Caballero Lazcano,42.0,Argentina,186 cm,81 kg,Southampton,Premier League,2022,0.0,0.0,0.0,,Goalkeeper,,False,,,0.0,0.0,,,,,,,,,,,,,,,,0.0,0.0,0.0,,,0.0,0.0,0.0
Theo James,Walcott,34.0,England,176 cm,68 kg,Southampton,Premier League,2022,20.0,13.0,1134.0,,Attacker,6.545,False,15.0,8.0,2.0,0.0,2.0,,240.0,15.0,8.0,13.0,1.0,9.0,99.0,44.0,22.0,12.0,,10.0,7.0,1.0,0.0,0.0,,,0.0,0.0,
Kamari Olivier,Doyle,19.0,England,,,Southampton,Premier League,2022,1.0,0.0,6.0,,Midfielder,6.2,False,,,0.0,0.0,,,5.0,,5.0,,,,3.0,,1.0,,,,,0.0,0.0,0.0,,,0.0,0.0,
Mohamed Amine,Elyounoussi,30.0,Norway,178 cm,70 kg,Southampton,Premier League,2022,33.0,27.0,2180.0,,Midfielder,6.636363,False,26.0,11.0,1.0,0.0,1.0,,581.0,18.0,12.0,46.0,3.0,27.0,291.0,125.0,44.0,24.0,,18.0,41.0,4.0,0.0,0.0,,,0.0,0.0,
Ryan James,Finnigan,21.0,England,,,Southampton,Premier League,2022,0.0,0.0,0.0,,Midfielder,,False,,,0.0,0.0,,,,,,,,,,,,,,,,0.0,0.0,0.0,,,0.0,0.0,
Dominic,Ballard,19.0,England,,,Southampton,Premier League,2022,2.0,0.0,24.0,,Attacker,6.2,False,,,0.0,0.0,,,6.0,,2.0,,,1.0,7.0,1.0,1.0,,,,,0.0,0.0,0.0,,,0.0,0.0,
Lewis,James Payne,20.0,England,,,Southampton,Premier League,2022,0.0,0.0,0.0,,Defender,,False,,,0.0,0.0,,,,,,,,,,,,,,,,0.0,0.0,0.0,,,0.0,0.0,
Joseph Oluwaseyi Temitope,Ayodele-Aribo,28.0,Nigeria,183 cm,76 kg,Southampton,Premier League,2022,21.0,13.0,1226.0,,Midfielder,6.685714,False,9.0,8.0,2.0,0.0,,,375.0,9.0,13.0,31.0,1.0,10.0,195.0,91.0,38.0,17.0,,13.0,10.0,2.0,0.0,0.0,,,0.0,0.0,
Ibrahima,Diallo,25.0,France,179 cm,68 kg,Southampton,Premier League,2022,18.0,11.0,819.0,,Midfielder,6.505555,False,4.0,,0.0,0.0,,,398.0,4.0,18.0,25.0,1.0,6.0,102.0,55.0,13.0,8.0,,7.0,18.0,4.0,0.0,0.0,,,0.0,0.0,
Lyanco Evangelista,Silveira Neves Vojnović,27.0,Brazil,187 cm,85 kg,Southampton,Premier League,2022,21.0,11.0,1172.0,,Defender,6.823809,False,11.0,4.0,1.0,0.0,1.0,,502.0,4.0,18.0,24.0,25.0,20.0,114.0,67.0,10.0,8.0,,10.0,16.0,4.0,0.0,0.0,,,0.0,0.0,
Ebere Paul,Onuachu,30.0,Nigeria,201 cm,98 kg,Southampton,Premier League,2022,11.0,4.0,404.0,,Attacker,6.681818,False,9.0,5.0,0.0,0.0,,,91.0,4.0,6.0,3.0,1.0,,114.0,55.0,13.0,9.0,,6.0,14.0,0.0,0.0,0.0,,,0.0,0.0,
Roméo,Lavia,20.0,Belgium,181 cm,,Southampton,Premier League,2022,29.0,26.0,2229.0,,Midfielder,6.77931,False,6.0,3.0,1.0,0.0,,,991.0,17.0,30.0,60.0,11.0,33.0,256.0,143.0,41.0,28.0,,48.0,28.0,9.0,0.0,0.0,,,0.0,0.0,
Valentino Francisco,Livramento,22.0,England,182 cm,,Southampton,Premier League,2022,2.0,0.0,26.0,,Defender,7.0,False,,,0.0,0.0,,,19.0,,7.0,2.0,,2.0,7.0,6.0,2.0,2.0,,2.0,,0.0,0.0,0.0,,,0.0,0.0,
James Michael Edward,Ward-Prowse,30.0,England,173 cm,66 kg,Southampton,Premier League,2022,38.0,38.0,3373.0,,Midfielder,7.263157,False,33.0,20.0,9.0,0.0,4.0,,1920.0,76.0,43.0,65.0,10.0,55.0,293.0,135.0,19.0,7.0,,19.0,34.0,6.0,0.0,0.0,,,2.0,2.0,
Nathan Daniel Jerome,Redmond,30.0,England,173 cm,69 kg,Southampton,Premier League,2022,1.0,0.0,0.0,,Midfielder,,False,,,0.0,0.0,,,,,,,,,,,,,,,,0.0,0.0,0.0,,,0.0,0.0,
Nathan Adewale Temitayo,Tella,25.0,Nigeria,173 cm,70 kg,Southampton,Premier League,2022,0.0,0.0,0.0,,Midfielder,,False,,,0.0,,,,,,,,,,,,,,,,,0.0,0.0,0.0,,,,,
Mohammed,Salisu Abdul Karim,25.0,Ghana,191 cm,82 kg,Southampton,Premier League,2022,22.0,21.0,1973.0,,Defender,6.986363,False,17.0,5.0,0.0,0.0,1.0,,1090.0,8.0,38.0,51.0,25.0,31.0,188.0,116.0,10.0,7.0,,3.0,26.0,5.0,0.0,0.0,,,0.0,0.0,
Hubert,Graczyk,19.0,England,,,Arsenal,Premier League,2022,,,,,Goalkeeper,,False,,,,,,,,,,,,,,,,,,,,,,,,,,,
Zane,Monlouis,19.0,England,,,Arsenal,Premier League,2022,,,,,Defender,,False,,,,,,,,,,,,,,,,,,,,,,,,,,,
Myles Anthony,Lewis-Skelly,16.0,England,,,Arsenal,Premier League,2022,,,,,Midfielder,,False,,,,,,,,,,,,,,,,,,,,,,,,,,,
Nathan Jerome Chatoyer,Butler-Oyedeji,21.0,England,177 cm,,Arsenal,Premier League,2022,0.0,0.0,0.0,,Attacker,,False,,,0.0,0.0,,,,,,,,,,,,,,,,0.0,0.0,0.0,,,0.0,0.0,
Bukayo Ayoyinka Temidayo,Saka,23.0,England,178 cm,72 kg,Arsenal,Premier League,2022,38.0,37.0,3194.0,,Attacker,7.294736,False,60.0,32.0,14.0,0.0,11.0,,1235.0,76.0,26.0,63.0,,14.0,430.0,203.0,128.0,59.0,,65.0,43.0,6.0,0.0,0.0,,,2.0,1.0,
Rúnar Alex,Rúnarsson,29.0,Iceland,186 cm,78 kg,Arsenal,Premier League,2022,0.0,0.0,0.0,,Goalkeeper,,False,,,0.0,,,,,,,,,,,,,,,,,0.0,0.0,0.0,,,,,
Arthur Chukwuezugo,Okonkwo,23.0,England,198 cm,84 kg,Arsenal,Premier League,2022,0.0,0.0,0.0,,Goalkeeper,,False,,,0.0,,,,,,,,,,,,,,,,,0.0,0.0,0.0,,,,,
Matthew Gerrard,Smith,24.0,England,176 cm,,Arsenal,Premier League,2022,0.0,0.0,0.0,,Midfielder,,False,,,0.0,0.0,,,,,,,,,,,,,,,,0.0,0.0,0.0,,,0.0,0.0,
William Alain André Gabriel,Saliba,23.0,France,192 cm,92 kg,Arsenal,Premier League,2022,27.0,27.0,2416.0,,Defender,6.97037,False,6.0,3.0,2.0,0.0,1.0,,1864.0,6.0,62.0,34.0,10.0,19.0,179.0,108.0,9.0,8.0,,13.0,19.0,4.0,0.0,0.0,,,0.0,0.0,
Leandro,Trossard,30.0,Belgium,172 cm,61 kg,Arsenal,Premier League,2022,20.0,10.0,929.0,,Attacker,7.02,False,13.0,5.0,1.0,0.0,10.0,,389.0,23.0,17.0,12.0,,6.0,99.0,45.0,21.0,15.0,,17.0,9.0,0.0,0.0,0.0,,,0.0,0.0,
Takehiro,Tomiyasu,26.0,Japan,187 cm,84 kg,Arsenal,Premier League,2022,21.0,6.0,652.0,,Defender,6.68421,False,1.0,,0.0,0.0,1.0,,412.0,4.0,17.0,27.0,,14.0,85.0,48.0,3.0,1.0,,3.0,6.0,2.0,0.0,0.0,,,0.0,0.0,
Nicolas,Pépé,29.0,Côte d'Ivoire,183 cm,73 kg,Arsenal,Premier League,2022,0.0,0.0,0.0,,Attacker,,False,,,0.0,0.0,,,,,,,,,,,,,,,,0.0,0.0,0.0,,,0.0,0.0,
Albert-Mboyo,Sambi Lokonga,25.0,Belgium,173 cm,67 kg,Arsenal,Premier League,2022,6.0,2.0,195.0,,Midfielder,6.7,False,,,0.0,0.0,,,140.0,1.0,22.0,1.0,,5.0,16.0,10.0,1.0,1.0,,5.0,1.0,0.0,0.0,0.0,,,0.0,0.0,
Nuno Albertino,Varela Tavares,24.0,Portugal,183 cm,75 kg,Arsenal,Premier League,2022,0.0,0.0,0.0,,Defender,,False,,,0.0,,,,,,,,,,,,,,,,,0.0,0.0,0.0,,,,,
Matthew Charles,Turner,30.0,USA,191 cm,84 kg,Arsenal,Premier League,2022,0.0,0.0,0.0,,Goalkeeper,,False,,,0.0,0.0,,,,,,,,,,,,,,,,0.0,0.0,0.0,,,0.0,0.0,0.0
Robert Samuel,Holding,29.0,England,189 cm,81 kg,Arsenal,Premier League,2022,14.0,6.0,558.0,,Defender,6.53,False,3.0,2.0,1.0,0.0,,,438.0,,42.0,8.0,5.0,3.0,58.0,33.0,1.0,1.0,,2.0,5.0,0.0,0.0,0.0,,,0.0,0.0,
Bernd,Leno,32.0,Germany,189 cm,82 kg,Arsenal,Premier League,2022,0.0,0.0,0.0,,Goalkeeper,7.169444,False,,,0.0,51.0,,144.0,1205.0,1.0,25.0,,,,17.0,14.0,,,,3.0,1.0,0.0,0.0,0.0,,,0.0,0.0,3.0
Reiss Luke,Nelson,25.0,England,175 cm,71 kg,Arsenal,Premier League,2022,11.0,0.0,201.0,,Attacker,7.11,False,8.0,7.0,3.0,0.0,2.0,,108.0,9.0,10.0,4.0,,,43.0,17.0,9.0,7.0,,4.0,8.0,0.0,0.0,0.0,,,0.0,0.0,
Edward,Keddar Nketiah,25.0,England,175 cm,72 kg,Arsenal,Premier League,2022,30.0,9.0,1069.0,,Attacker,6.610714,False,26.0,14.0,4.0,0.0,1.0,,250.0,9.0,7.0,13.0,1.0,1.0,157.0,63.0,28.0,15.0,,25.0,30.0,3.0,0.0,0.0,,,0.0,0.0,
Gabriel Teodoro,Martinelli Silva,23.0,Brazil,178 cm,75 kg,Arsenal,Premier League,2022,36.0,34.0,2806.0,,Attacker,7.158333,False,55.0,32.0,15.0,0.0,5.0,,977.0,59.0,22.0,31.0,1.0,9.0,367.0,141.0,114.0,59.0,,37.0,39.0,3.0,0.0,0.0,,,0.0,0.0,
Fabian,Delph,33.0,England,174 cm,60 kg,Everton,Premier League,2022,,,,,Midfielder,,False,,,,,,,,,,,,,,,,,,,,,,,,,,,
Kyle Alex,John,22.0,England,,,Everton,Premier League,2022,0.0,0.0,0.0,,Defender,,False,,,0.0,0.0,,,,,,,,,,,,,,,,0.0,0.0,0.0,,,0.0,0.0,
Eldin,Jakupović,39.0,Switzerland,191 cm,85 kg,Everton,Premier League,2022,0.0,0.0,0.0,,Goalkeeper,,False,,,0.0,0.0,,,,,,,,,,,,,,,,0.0,0.0,0.0,,,0.0,0.0,0.0
Stanley,Mills,21.0,England,,,Everton,Premier League,2022,0.0,0.0,0.0,,Midfielder,,False,,,0.0,0.0,,,,,,,,,,,,,,,,0.0,0.0,0.0,,,0.0,0.0,
Lewis Wesley,Warrington,22.0,England,,,Everton,Premier League,2022,0.0,0.0,0.0,,Midfielder,,False,,,0.0,0.0,,,,,,,,,,,,,,,,0.0,0.0,0.0,,,0.0,0.0,
Reece,Belfield Welch,21.0,England,,,Everton,Premier League,2022,0.0,0.0,0.0,,Defender,,False,,,0.0,0.0,,,,,,,,,,,,,,,,0.0,0.0,0.0,,,0.0,0.0,
Allan,Marques Loureiro,33.0,Brazil,174 cm,77 kg,Everton,Premier League,2022,0.0,0.0,0.0,,Midfielder,,False,,,0.0,0.0,,,,,,,,,,,,,,,,0.0,0.0,0.0,,,0.0,0.0,
Sean Paul,McAllister,22.0,Northern Ireland,179 cm,,Everton,Premier League,2022,0.0,0.0,0.0,,Midfielder,,False,,,0.0,0.0,,,,,,,,,,,,,,,,0.0,0.0,0.0,,,0.0,0.0,
Andros Darryl,Townsend,33.0,England,181 cm,77 kg,Everton,Premier League,2022,0.0,0.0,0.0,,Midfielder,,False,,,0.0,,,,,,,,,,,,,,,,,0.0,0.0,0.0,,,,,
Dominic Nathaniel,Calvert-Lewin,27.0,England,187 cm,71 kg,Everton,Premier League,2022,17.0,15.0,1174.0,,Attacker,6.758823,False,25.0,10.0,2.0,0.0,1.0,,215.0,9.0,7.0,4.0,1.0,3.0,219.0,98.0,24.0,14.0,,14.0,22.0,3.0,0.0,0.0,,,1.0,0.0,
Dwight James Matthew,McNeil,25.0,England,183 cm,68 kg,Everton,Premier League,2022,36.0,28.0,2500.0,,Attacker,7.055555,False,25.0,15.0,7.0,0.0,3.0,,754.0,49.0,16.0,64.0,7.0,31.0,322.0,152.0,104.0,53.0,,21.0,22.0,5.0,0.0,0.0,,,0.0,0.0,
James David,Garner,23.0,England,186 cm,78 kg,Everton,Premier League,2022,16.0,7.0,795.0,,Midfielder,6.61875,False,6.0,3.0,0.0,0.0,1.0,,298.0,7.0,15.0,16.0,1.0,12.0,89.0,44.0,13.0,6.0,,10.0,16.0,3.0,0.0,0.0,,,0.0,0.0,
Idrissa Gana,Gueye,35.0,Senegal,174 cm,66 kg,Everton,Premier League,2022,33.0,32.0,2594.0,,Midfielder,6.896969,False,13.0,6.0,0.0,0.0,1.0,,1207.0,12.0,30.0,97.0,12.0,56.0,310.0,191.0,26.0,17.0,,50.0,43.0,7.0,0.0,0.0,,,0.0,0.0,
André Filipe,Tavares Gomes,31.0,Portugal,188 cm,84 kg,Everton,Premier League,2022,0.0,0.0,0.0,,Midfielder,,False,,,0.0,0.0,,,,,,,,,,,,,,,,0.0,0.0,0.0,,,0.0,0.0,
Bamidele Jermaine,Alli,28.0,England,188 cm,76 kg,Everton,Premier League,2022,2.0,0.0,38.0,,Midfielder,6.3,False,,,0.0,0.0,,,15.0,,6.0,,,,6.0,2.0,1.0,,,1.0,,0.0,0.0,0.0,,,0.0,0.0,
Abdoulaye,Doucouré,31.0,Mali,184 cm,75 kg,Everton,Premier League,2022,25.0,17.0,1526.0,,Midfielder,6.7125,False,15.0,8.0,5.0,0.0,2.0,,536.0,22.0,18.0,31.0,3.0,13.0,167.0,68.0,31.0,20.0,,4.0,21.0,6.0,0.0,1.0,,,0.0,0.0,
Amadou Ba Zeund Georges,Mvom Onana,23.0,Belgium,192 cm,76 kg,Everton,Premier League,2022,33.0,29.0,2496.0,,Midfielder,6.9,False,28.0,6.0,1.0,0.0,2.0,,968.0,22.0,24.0,72.0,6.0,37.0,347.0,197.0,40.0,16.0,,49.0,44.0,9.0,0.0,0.0,,,0.0,0.0,
Séamus,Coleman,36.0,Republic of Ireland,177 cm,67 kg,Everton,Premier League,2022,23.0,20.0,1663.0,,Defender,6.756521,False,4.0,2.0,1.0,0.0,,,603.0,4.0,19.0,35.0,7.0,22.0,147.0,90.0,31.0,16.0,,21.0,10.0,1.0,0.0,0.0,,,0.0,0.0,
Benjamin Matthew,Godfrey,26.0,England,183 cm,74 kg,Everton,Premier League,2022,13.0,10.0,803.0,,Defender,6.384615,False,4.0,1.0,0.0,0.0,1.0,,225.0,3.0,11.0,20.0,6.0,8.0,93.0,43.0,6.0,3.0,,5.0,10.0,2.0,0.0,0.0,,,0.0,0.0,
Vitalii,Mykolenko,25.0,Ukraine,180 cm,71 kg,Everton,Premier League,2022,34.0,30.0,2655.0,,Defender,6.736363,False,7.0,3.0,0.0,0.0,,,1000.0,19.0,22.0,58.0,16.0,46.0,222.0,114.0,24.0,10.0,,21.0,29.0,4.0,0.0,0.0,,,0.0,0.0,
Thomas,Wilson-Brown,18.0,England,,,Leicester,Premier League,2022,,,,,Defender,,False,,,,,,,,,,,,,,,,,,,,,,,,,,,
Joseph Oliver,Wormleighton,20.0,England,,,Leicester,Premier League,2022,0.0,0.0,0.0,,Defender,,False,,,0.0,0.0,,,,,,,,,,,,,,,,0.0,0.0,0.0,,,0.0,0.0,
Samuel Charles,Braybrooke,19.0,England,,,Leicester,Premier League,2022,0.0,0.0,0.0,,Midfielder,,False,,,0.0,0.0,,,,,,,,,,,,,,,,0.0,0.0,0.0,,,0.0,0.0,
Ryan Dominic,Bertrand,34.0,England,179 cm,85 kg,Leicester,Premier League,2022,0.0,0.0,0.0,,Defender,,False,,,0.0,,,,,,,,,,,,,,,,,0.0,0.0,0.0,,,,,
Alexander,Smithies,34.0,England,189 cm,84 kg,Leicester,Premier League,2022,0.0,0.0,0.0,,Goalkeeper,,False,,,0.0,0.0,,,,,,,,,,,,,,,,0.0,0.0,0.0,,,0.0,0.0,0.0
Lewis,Brunt,24.0,England,,,Leicester,Premier League,2022,1.0,0.0,22.0,,Midfielder,6.3,False,,,0.0,0.0,,,16.0,,12.0,,,,1.0,1.0,,,,1.0,,0.0,0.0,0.0,,,0.0,0.0,
Onyinye Wilfred,Ndidi,28.0,Nigeria,183 cm,74 kg,Leicester,Premier League,2022,27.0,19.0,1682.0,,Midfielder,6.76923,False,5.0,2.0,0.0,0.0,,,894.0,3.0,27.0,61.0,14.0,37.0,197.0,109.0,13.0,9.0,,14.0,29.0,4.0,0.0,0.0,,,0.0,0.0,
Timothy,Castagne,29.0,Belgium,185 cm,80 kg,Leicester,Premier League,2022,37.0,36.0,3256.0,,Defender,6.74054,False,14.0,6.0,2.0,0.0,3.0,,1500.0,23.0,32.0,87.0,13.0,43.0,323.0,167.0,24.0,10.0,,15.0,25.0,3.0,0.0,0.0,,,0.0,0.0,
Wesley Tidjan,Fofana,24.0,France,190 cm,84 kg,Leicester,Premier League,2022,2.0,2.0,180.0,,Defender,6.826666,False,6.0,2.0,0.0,0.0,,,862.0,2.0,51.0,30.0,10.0,20.0,138.0,90.0,9.0,8.0,,22.0,11.0,1.0,0.0,0.0,,,0.0,0.0,
Harvey Lewis,Barnes,27.0,England,174 cm,66 kg,Leicester,Premier League,2022,34.0,32.0,2720.0,,Midfielder,6.652941,False,54.0,34.0,13.0,0.0,1.0,,727.0,19.0,15.0,26.0,1.0,8.0,332.0,118.0,79.0,26.0,,37.0,39.0,3.0,0.0,0.0,,,0.0,0.0,
Jonathan Grant,Evans,36.0,Northern Ireland,188 cm,77 kg,Leicester,Premier League,2022,13.0,12.0,1052.0,,Defender,6.784615,False,1.0,1.0,0.0,0.0,,,787.0,1.0,53.0,13.0,11.0,18.0,71.0,46.0,,,,7.0,9.0,1.0,0.0,0.0,,,0.0,0.0,
James Daniel,Maddison,28.0,England,175 cm,73 kg,Leicester,Premier League,2022,30.0,28.0,2485.0,,Midfielder,7.34,False,53.0,29.0,10.0,0.0,9.0,,1013.0,69.0,26.0,51.0,1.0,13.0,318.0,179.0,85.0,45.0,,79.0,31.0,10.0,0.0,0.0,,,1.0,1.0,
Youri Marion A.,Tielemans,27.0,Belgium,176 cm,72 kg,Leicester,Premier League,2022,31.0,27.0,2351.0,,Midfielder,7.051612,False,17.0,10.0,3.0,0.0,2.0,,1557.0,30.0,41.0,66.0,8.0,28.0,240.0,140.0,28.0,23.0,,25.0,33.0,4.0,0.0,0.0,,,1.0,1.0,
Victor,Bernth Kristiansen,22.0,Denmark,181 cm,,Leicester,Premier League,2022,12.0,11.0,895.0,,Defender,6.60909,False,2.0,,0.0,0.0,1.0,,364.0,7.0,23.0,38.0,4.0,3.0,118.0,63.0,12.0,7.0,,9.0,17.0,2.0,0.0,0.0,,,0.0,0.0,
Nampalys,Mendy,32.0,Senegal,167 cm,73 kg,Leicester,Premier League,2022,19.0,7.0,749.0,,Midfielder,6.735294,False,2.0,1.0,1.0,0.0,,,409.0,2.0,20.0,13.0,4.0,13.0,59.0,34.0,10.0,7.0,,10.0,9.0,1.0,0.0,0.0,,,0.0,0.0,
Daniel,Lønne Iversen,27.0,Denmark,193 cm,80 kg,Leicester,Premier League,2022,12.0,12.0,1080.0,,Goalkeeper,6.7,False,,,0.0,22.0,,38.0,326.0,,13.0,,,,3.0,3.0,,,,,,0.0,0.0,0.0,,,0.0,0.0,2.0
Luke Jonathan,Thomas,23.0,England,181 cm,,Leicester,Premier League,2022,17.0,11.0,1070.0,,Defender,6.5625,False,2.0,,0.0,0.0,,,526.0,5.0,25.0,23.0,4.0,26.0,100.0,46.0,10.0,5.0,,7.0,11.0,3.0,0.0,0.0,,,0.0,0.0,
Patson,Daka,26.0,Zambia,183 cm,71 kg,Leicester,Premier League,2022,30.0,13.0,1181.0,,Attacker,6.77931,False,23.0,16.0,4.0,0.0,4.0,,275.0,17.0,6.0,14.0,2.0,7.0,164.0,62.0,15.0,7.0,,15.0,23.0,2.0,0.0,0.0,,,0.0,0.0,
Kelechi Promise,Ịheanachọ,28.0,Nigeria,185 cm,82 kg,Leicester,Premier League,2022,28.0,11.0,1120.0,,Attacker,6.737037,False,33.0,14.0,5.0,0.0,5.0,,305.0,22.0,8.0,7.0,1.0,,156.0,47.0,37.0,20.0,,5.0,18.0,0.0,0.0,0.0,,,1.0,0.0,
Jamie Richard,Vardy,37.0,England,179 cm,74 kg,Leicester,Premier League,2022,37.0,19.0,1852.0,,Attacker,6.556756,False,25.0,15.0,3.0,0.0,4.0,,255.0,15.0,3.0,10.0,3.0,2.0,210.0,76.0,26.0,12.0,,7.0,21.0,1.0,0.0,0.0,,,0.0,1.0,
Joshua,Keeley,19.0,Republic of Ireland,,,Tottenham,Premier League,2022,,,,,Goalkeeper,,False,,,,,,,,,,,,,,,,,,,,,,,,,,,
George David,Abbott,18.0,England,,,Tottenham,Premier League,2022,1.0,0.0,0.0,,Defender,,False,,,0.0,0.0,,,1.0,,1.0,,,1.0,,,,,,,,0.0,0.0,0.0,,,0.0,0.0,
Marqes,Muir,21.0,England,,,Tottenham,Premier League,2022,0.0,0.0,0.0,,Defender,,False,,,0.0,,,,,,,,,,,,,,,,,0.0,0.0,0.0,,,,,
Max,Robson,21.0,England,,,Tottenham,Premier League,2022,0.0,0.0,0.0,,Midfielder,,False,,,0.0,,,,,,,,,,,,,,,,,0.0,0.0,0.0,,,,,
Nile Omari,Mckenzie John,20.0,England,,,Tottenham,Premier League,2022,0.0,0.0,0.0,,Midfielder,,False,,,0.0,,,,,,,,,,,,,,,,,0.0,0.0,0.0,,,,,
Charlie,Sayers,19.0,England,,,Tottenham,Premier League,2022,0.0,0.0,0.0,,Defender,,False,,,0.0,,,,,,,,,,,,,,,,,0.0,0.0,0.0,,,,,
Kallum Xzeiba Tracey,Cesay,21.0,Sierra Leone,,,Tottenham,Premier League,2022,0.0,0.0,0.0,,Midfielder,,False,,,0.0,,,,,,,,,,,,,,,,,0.0,0.0,0.0,,,,,
William,Lankshear,19.0,England,,,Tottenham,Premier League,2022,0.0,0.0,0.0,,Attacker,,False,,,0.0,,,,,,,,,,,,,,,,,0.0,0.0,0.0,,,,,
Ivan,Perišić,35.0,Croatia,186 cm,80 kg,Tottenham,Premier League,2022,34.0,23.0,2110.0,,Midfielder,6.902941,False,24.0,8.0,1.0,0.0,8.0,,782.0,48.0,16.0,42.0,7.0,22.0,216.0,100.0,37.0,17.0,,8.0,30.0,6.0,0.0,0.0,,,0.0,0.0,
Harvey David,White,23.0,England,171 cm,60 kg,Tottenham,Premier League,2022,1.0,0.0,4.0,,Midfielder,,False,,,0.0,0.0,,,5.0,,2.0,,,,2.0,1.0,,,,,,0.0,0.0,0.0,,,0.0,0.0,
Matthew George,Craig,21.0,Scotland,,,Tottenham,Premier League,2022,1.0,0.0,13.0,,Midfielder,6.9,False,,,0.0,0.0,,,6.0,,5.0,4.0,,,4.0,4.0,,,,,,0.0,0.0,0.0,,,0.0,0.0,
Pape Matar,Sarr,22.0,Senegal,185 cm,70 kg,Tottenham,Premier League,2022,11.0,2.0,211.0,,Midfielder,6.511111,False,2.0,,0.0,0.0,1.0,,154.0,2.0,14.0,7.0,2.0,6.0,30.0,14.0,2.0,1.0,,3.0,4.0,1.0,0.0,0.0,,,0.0,0.0,
Giovani,Lo Celso,28.0,Argentina,177 cm,68 kg,Tottenham,Premier League,2022,0.0,0.0,0.0,,Midfielder,,False,,,0.0,,,,,,,,,,,,,,,,,0.0,0.0,0.0,,,,,
Malachi Michael,Fagan-Walcott,22.0,England,,,Tottenham,Premier League,2022,0.0,0.0,0.0,,Defender,,False,,,0.0,,,,,,,,,,,,,,,,,0.0,0.0,0.0,,,,,
Arnaut,Danjuma Adam Groeneveld,27.0,Netherlands,178 cm,74 kg,Tottenham,Premier League,2022,9.0,1.0,162.0,,Attacker,6.5,False,4.0,3.0,1.0,0.0,,,54.0,1.0,6.0,2.0,,,15.0,7.0,6.0,3.0,,1.0,,0.0,0.0,0.0,,,0.0,0.0,
Sergio,Reguilón Rodríguez,28.0,Spain,178 cm,68 kg,Tottenham,Premier League,2022,0.0,0.0,0.0,,Defender,,False,,,0.0,,,,,,,,,,,,,,,,,0.0,0.0,0.0,,,,,
Matthew James,Doherty,32.0,Republic of Ireland,185 cm,80 kg,Tottenham,Premier League,2022,12.0,7.0,667.0,,Defender,6.963636,False,6.0,2.0,1.0,0.0,,,329.0,6.0,22.0,16.0,6.0,8.0,77.0,45.0,9.0,5.0,,4.0,11.0,0.0,0.0,0.0,,,0.0,0.0,
Jamie,Donley,19.0,England,,,Tottenham,Premier League,2022,0.0,0.0,0.0,,Attacker,,False,,,0.0,,,,,,,,,,,,,,,,,0.0,0.0,0.0,,,,,
Bryan,Gil Salvatierra,23.0,Spain,175 cm,60 kg,Tottenham,Premier League,2022,4.0,2.0,148.0,,Attacker,6.55,False,1.0,1.0,0.0,0.0,1.0,,57.0,2.0,11.0,3.0,,1.0,20.0,7.0,5.0,2.0,,2.0,2.0,1.0,0.0,0.0,,,0.0,0.0,
Heung-Min,Son,32.0,Korea Republic,183 cm,78 kg,Tottenham,Premier League,2022,36.0,33.0,2899.0,,Attacker,7.072222,False,56.0,40.0,10.0,0.0,6.0,,785.0,63.0,17.0,24.0,2.0,13.0,255.0,101.0,72.0,32.0,,36.0,13.0,2.0,0.0,0.0,,,0.0,0.0,
Mark,Noble,35.0,England,180 cm,70 kg,West Ham,Premier League,2022,,,,,Midfielder,,False,,,,,,,,,,,,,,,,,,,,,,,,,,,
Regan,Clayton,19.0,England,,,West Ham,Premier League,2022,0.0,0.0,0.0,,Defender,,False,,,0.0,,,,,,,,,,,,,,,,,0.0,0.0,0.0,,,,,
Luiz Gustavo,Oliveira da Silva,21.0,Brazil,187 cm,72 kg,West Ham,Premier League,2022,0.0,0.0,0.0,,Defender,,False,,,0.0,,,,,,,,,,,,,,,,,0.0,0.0,0.0,,,,,
Jamal Marcus,Baptiste,20.0,England,,,West Ham,Premier League,2022,0.0,0.0,0.0,,Defender,,False,,,0.0,,,,,,,,,,,,,,,,,0.0,0.0,0.0,,,,,
Michael,Forbes,20.0,Northern Ireland,,,West Ham,Premier League,2022,0.0,0.0,0.0,,Defender,,False,,,0.0,,,,,,,,,,,,,,,,,0.0,0.0,0.0,,,,,
Kamarai,Simon-Swyer,22.0,England,,,West Ham,Premier League,2022,0.0,0.0,0.0,,Midfielder,,False,,,0.0,,,,,,,,,,,,,,,,,0.0,0.0,0.0,,,,,
Nathan Wallace,Newman Trott,26.0,England,188 cm,75 kg,West Ham,Premier League,2022,0.0,0.0,0.0,,Goalkeeper,,False,,,0.0,,,,,,,,,,,,,,,,,0.0,0.0,0.0,,,,,
Freddie,Potts,21.0,England,,,West Ham,Premier League,2022,0.0,0.0,0.0,,Midfielder,,False,,,0.0,,,,,,,,,,,,,,,,,0.0,0.0,0.0,,,,,
Conor James,Coventry,24.0,Republic of Ireland,177 cm,65 kg,West Ham,Premier League,2022,1.0,0.0,0.0,,Midfielder,,False,,,0.0,0.0,,,,,,,,,,,,,,,,0.0,0.0,0.0,,,0.0,0.0,
Daniel Peter James,Chesters,22.0,England,177 cm,68 kg,West Ham,Premier League,2022,0.0,0.0,0.0,,Midfielder,,False,,,0.0,,,,,,,,,,,,,,,,,0.0,0.0,0.0,,,,,
Keenan,Appiah-Forson,23.0,England,,,West Ham,Premier League,2022,0.0,0.0,0.0,,Midfielder,,False,,,0.0,,,,,,,,,,,,,,,,,0.0,0.0,0.0,,,,,
Declan,Rice,25.0,England,185 cm,84 kg,West Ham,Premier League,2022,37.0,36.0,3272.0,,Midfielder,7.186486,False,26.0,9.0,4.0,0.0,2.0,,2083.0,37.0,49.0,79.0,15.0,63.0,278.0,162.0,58.0,35.0,,11.0,23.0,5.0,0.0,0.0,,,0.0,1.0,
Krisztián,Hegyi,22.0,Hungary,193 cm,,West Ham,Premier League,2022,0.0,0.0,0.0,,Goalkeeper,,False,,,0.0,0.0,,,,,,,,,,,,,,,,0.0,0.0,0.0,,,0.0,0.0,0.0
Darren Edward Andrew,Randolph,37.0,Republic of Ireland,188 cm,98 kg,West Ham,Premier League,2022,0.0,0.0,0.0,,Goalkeeper,,False,,,0.0,0.0,,,,,,,,,,,,,,,,0.0,0.0,0.0,,,0.0,0.0,0.0
Issa Laye Lucas Jean,Diop,27.0,France,194 cm,92 kg,West Ham,Premier League,2022,0.0,0.0,0.0,,Defender,6.812,False,2.0,2.0,0.0,0.0,,,1395.0,2.0,50.0,28.0,17.0,35.0,128.0,72.0,4.0,3.0,,8.0,16.0,0.0,0.0,0.0,,,0.0,0.0,
Craig,Dawson,34.0,England,188 cm,82 kg,West Ham,Premier League,2022,8.0,8.0,720.0,,Defender,6.7875,False,6.0,1.0,0.0,0.0,,,305.0,1.0,30.0,10.0,6.0,6.0,47.0,27.0,1.0,,,3.0,6.0,2.0,0.0,0.0,,,0.0,0.0,
Jarrod,Bowen,28.0,England,175 cm,70 kg,West Ham,Premier League,2022,38.0,36.0,3237.0,,Attacker,6.871052,False,42.0,24.0,6.0,0.0,5.0,,715.0,48.0,13.0,39.0,9.0,36.0,416.0,177.0,90.0,35.0,,69.0,26.0,2.0,0.0,0.0,,,1.0,1.0,
Divin Saku,Mubama,20.0,England,182 cm,,West Ham,Premier League,2022,3.0,0.0,35.0,,Attacker,6.7,False,,,0.0,0.0,,,8.0,1.0,1.0,1.0,,,12.0,5.0,2.0,1.0,,1.0,3.0,0.0,0.0,0.0,,,0.0,0.0,
Daniel William John,Ings,32.0,England,178 cm,73 kg,West Ham,Premier League,2022,17.0,7.0,771.0,,Attacker,6.872222,False,21.0,14.0,2.0,0.0,,,158.0,9.0,6.0,10.0,1.0,1.0,86.0,40.0,15.0,9.0,,5.0,8.0,1.0,0.0,0.0,,,2.0,0.0,
Gnaly Albert Maxwel,Cornet,28.0,Côte d'Ivoire,179 cm,69 kg,West Ham,Premier League,2022,14.0,2.0,234.0,,Attacker,6.515384,False,7.0,2.0,0.0,0.0,,,88.0,1.0,5.0,7.0,,2.0,40.0,17.0,5.0,2.0,,2.0,2.0,0.0,0.0,0.0,,,0.0,0.0,
Daniel Noel,Drinkwater,32.0,England,178 cm,79 kg,Chelsea,Premier League,2022,,,,,Midfielder,,False,,,,,,,,,,,,,,,,,,,,,,,,,,,
Joshua Royston,Brooking,21.0,England,,,Chelsea,Premier League,2022,,,,,Defender,,False,,,,,,,,,,,,,,,,,,,,,,,,,,,
Malik,Maine Mothersille,20.0,England,,,Chelsea,Premier League,2022,,,,,Attacker,,False,,,,,,,,,,,,,,,,,,,,,,,,,,,
Dion Joseph,Rankine,21.0,England,"
    ","
    ",Chelsea,Premier League,2022,,,,,Midfielder,,False,,,,,,,,,,,,,,,,,,,,,,,,,,,
Benjamin Njongoue,Elliott,21.0,England,"
    ","
    ",Chelsea,Premier League,2022,,,,,Midfielder,,False,,,,,,,,,,,,,,,,,,,,,,,,,,,
Ethan James,Wady,21.0,USA,,,Chelsea,Premier League,2022,0.0,0.0,0.0,,Goalkeeper,,False,,,0.0,0.0,,,,,,,,,,,,,,,,0.0,0.0,0.0,,,0.0,0.0,0.0
Harvey James,Vale,21.0,England,181 cm,73 kg,Chelsea,Premier League,2022,0.0,0.0,0.0,,Midfielder,,False,,,0.0,0.0,,,,,,,,,,,,,,,,0.0,0.0,0.0,,,0.0,0.0,
Hakim,Ziyech,31.0,Morocco,180 cm,65 kg,Chelsea,Premier League,2022,18.0,6.0,653.0,,Midfielder,6.841176,False,8.0,3.0,0.0,0.0,3.0,,316.0,15.0,13.0,20.0,,5.0,98.0,48.0,29.0,14.0,,14.0,12.0,1.0,0.0,0.0,,,0.0,0.0,
Édouard Osoque,Mendy,32.0,Senegal,194 cm,86 kg,Chelsea,Premier League,2022,10.0,9.0,854.0,,Goalkeeper,6.52,False,,,0.0,14.0,,25.0,242.0,,18.0,,,,6.0,5.0,1.0,,,2.0,,1.0,0.0,0.0,,,0.0,0.0,0.0
Michy,Batshuayi-Atunga,31.0,Belgium,185 cm,76 kg,Chelsea,Premier League,2022,0.0,0.0,0.0,,Attacker,,False,,,0.0,,,,,,,,,,,,,,,,,0.0,0.0,0.0,,,,,
Ross,Barkley,31.0,England,189 cm,76 kg,Chelsea,Premier League,2022,0.0,0.0,0.0,,Midfielder,,False,,,0.0,,,,,,,,,,,,,,,,,0.0,0.0,0.0,,,,,
Callum James,Hudson-Odoi,24.0,England,182 cm,76 kg,Chelsea,Premier League,2022,0.0,0.0,0.0,,Attacker,,False,,,0.0,0.0,,,,,,,,,,,,,,,,0.0,0.0,0.0,,,0.0,0.0,
Armando,Broja,23.0,Albania,191 cm,83 kg,Chelsea,Premier League,2022,12.0,2.0,286.0,,Attacker,6.572727,False,6.0,5.0,1.0,0.0,,,53.0,1.0,3.0,4.0,1.0,1.0,62.0,25.0,11.0,6.0,,6.0,2.0,0.0,0.0,0.0,,,0.0,0.0,
Chukwunonso Tristan,Madueke,22.0,England,176 cm,75 kg,Chelsea,Premier League,2022,12.0,7.0,645.0,,Attacker,6.833333,False,10.0,6.0,1.0,0.0,,,260.0,13.0,17.0,12.0,2.0,4.0,115.0,62.0,57.0,33.0,,15.0,4.0,0.0,0.0,0.0,,,0.0,0.0,
Raheem Shaquille,Sterling,30.0,England,172 cm,69 kg,Chelsea,Premier League,2022,28.0,23.0,1903.0,,Attacker,6.8,False,29.0,18.0,6.0,0.0,3.0,,630.0,34.0,17.0,18.0,,2.0,229.0,94.0,85.0,39.0,,32.0,21.0,4.0,0.0,0.0,,,0.0,0.0,
Conor John,Gallagher,24.0,England,182 cm,77 kg,Chelsea,Premier League,2022,35.0,18.0,1614.0,,Midfielder,6.747058,False,17.0,11.0,3.0,0.0,1.0,,809.0,21.0,20.0,46.0,10.0,23.0,270.0,123.0,46.0,23.0,,35.0,35.0,10.0,1.0,0.0,,,0.0,0.0,
Carney Chibueze,Chukwuemeka,21.0,England,187 cm,77 kg,Chelsea,Premier League,2022,14.0,2.0,344.0,,Midfielder,6.691666,False,2.0,1.0,0.0,0.0,,,200.0,8.0,12.0,13.0,,6.0,42.0,24.0,10.0,5.0,,5.0,2.0,0.0,0.0,0.0,,,0.0,0.0,
Mykhailo,Mudryk,23.0,Ukraine,175 cm,61 kg,Chelsea,Premier League,2022,15.0,7.0,655.0,,Midfielder,6.52,False,12.0,5.0,0.0,0.0,2.0,,184.0,10.0,10.0,11.0,1.0,,96.0,41.0,33.0,13.0,,12.0,8.0,1.0,0.0,0.0,,,0.0,0.0,
Enzo Jeremías,Fernández,23.0,Argentina,178 cm,76 kg,Chelsea,Premier League,2022,18.0,18.0,1551.0,,Midfielder,7.161111,False,13.0,3.0,0.0,0.0,2.0,,1421.0,20.0,70.0,45.0,2.0,16.0,172.0,91.0,30.0,17.0,,22.0,11.0,3.0,0.0,0.0,,,0.0,0.0,
Malang Mamadou William Georges,Sarr,25.0,France,183 cm,73 kg,Chelsea,Premier League,2022,0.0,0.0,0.0,,Defender,,False,,,0.0,,,,,,,,,,,,,,,,,0.0,0.0,0.0,,,,,
Benjamin,Mendy,28.0,France,185 cm,85 kg,Manchester City,Premier League,2022,,,,,Defender,,False,,,,,,,,,,,,,,,,,,,,,,,,,,,
Finley Jack,Burns,19.0,England,185 cm,,Manchester City,Premier League,2022,,,,,Defender,,False,,,,,,,,,,,,,,,,,,,,,,,,,,,
Nico,O'Reilly,18.0,England,,,Manchester City,Premier League,2022,0.0,0.0,0.0,,Midfielder,,False,,,0.0,0.0,,,,,,,,,,,,,,,,0.0,0.0,0.0,,,0.0,0.0,
Benjamin Leo,Knight,21.0,England,171 cm,61 kg,Manchester City,Premier League,2022,0.0,0.0,0.0,,Midfielder,,False,,,0.0,0.0,,,,,,,,,,,,,,,,0.0,0.0,0.0,,,0.0,0.0,
Rico Henry Mark,Lewis,20.0,England,169 cm,,Manchester City,Premier League,2022,14.0,10.0,903.0,,Defender,6.85,False,4.0,2.0,0.0,0.0,,,638.0,12.0,42.0,16.0,4.0,6.0,79.0,42.0,11.0,8.0,,18.0,10.0,1.0,0.0,0.0,,,0.0,0.0,
Alexander Sean Pablo,Robertson,21.0,Australia,182 cm,,Manchester City,Premier League,2022,0.0,0.0,0.0,,Midfielder,,False,,,0.0,0.0,,,,,,,,,,,,,,,,0.0,0.0,0.0,,,0.0,0.0,
Liam Rory,Delap,21.0,England,,,Manchester City,Premier League,2022,0.0,0.0,0.0,,Attacker,,False,,,0.0,0.0,,,,,,,,,,,,,,,,0.0,0.0,0.0,,,0.0,0.0,
Cole Jermaine,Palmer,22.0,England,182 cm,74 kg,Manchester City,Premier League,2022,14.0,2.0,358.0,,Midfielder,6.70909,False,5.0,4.0,0.0,0.0,1.0,,185.0,5.0,11.0,5.0,1.0,1.0,47.0,26.0,21.0,14.0,,6.0,1.0,1.0,0.0,0.0,,,0.0,0.0,
Shea Emmanuel,Charles,21.0,Northern Ireland,189 cm,,Manchester City,Premier League,2022,1.0,0.0,27.0,,Midfielder,7.0,False,,,0.0,0.0,,,24.0,,22.0,4.0,,1.0,7.0,6.0,,,,,,0.0,0.0,0.0,,,0.0,0.0,
Julián,Álvarez,24.0,Argentina,170 cm,71 kg,Manchester City,Premier League,2022,31.0,13.0,1451.0,,Attacker,6.873333,False,34.0,22.0,9.0,0.0,,,469.0,18.0,13.0,26.0,,2.0,170.0,69.0,35.0,21.0,,14.0,21.0,0.0,0.0,0.0,,,1.0,0.0,
Erling,Braut Haaland,24.0,Norway,194 cm,88 kg,Manchester City,Premier League,2022,35.0,33.0,2779.0,,Attacker,7.397142,False,107.0,60.0,36.0,0.0,8.0,,479.0,30.0,10.0,3.0,4.0,3.0,217.0,88.0,29.0,11.0,,24.0,31.0,5.0,0.0,0.0,,,7.0,0.0,
Oscar,Bobb,21.0,Norway,174 cm,,Manchester City,Premier League,2022,0.0,0.0,0.0,,Midfielder,,False,,,0.0,,,,,,,,,,,,,,,,,0.0,0.0,0.0,,,,,
Philip Walter,Foden,24.0,England,171 cm,70 kg,Manchester City,Premier League,2022,32.0,22.0,1844.0,,Midfielder,7.196875,False,33.0,22.0,11.0,0.0,5.0,,1003.0,44.0,27.0,16.0,2.0,5.0,209.0,104.0,70.0,40.0,,29.0,10.0,1.0,0.0,0.0,,,0.0,0.0,
Sergio,Gómez Martín,24.0,Spain,171 cm,68 kg,Manchester City,Premier League,2022,12.0,2.0,340.0,,Midfielder,6.681818,False,6.0,,0.0,0.0,1.0,,287.0,5.0,21.0,9.0,3.0,2.0,34.0,14.0,3.0,,,2.0,1.0,0.0,0.0,0.0,,,0.0,0.0,
Bernardo,Mota Veiga de Carvalho e Silva,30.0,Portugal,173 cm,64 kg,Manchester City,Premier League,2022,34.0,24.0,2203.0,,Midfielder,6.894117,False,15.0,10.0,4.0,0.0,5.0,,1418.0,32.0,37.0,44.0,6.0,16.0,215.0,89.0,55.0,26.0,,15.0,31.0,5.0,0.0,0.0,,,0.0,0.0,
Kevin,De Bruyne,33.0,Belgium,181 cm,68 kg,Manchester City,Premier League,2022,32.0,28.0,2425.0,,Midfielder,7.76875,False,44.0,21.0,7.0,0.0,16.0,,1357.0,99.0,34.0,28.0,2.0,9.0,205.0,100.0,49.0,30.0,,29.0,20.0,1.0,0.0,0.0,,,0.0,0.0,
Rodrigo,Hernández Cascante,28.0,Spain,190 cm,82 kg,Manchester City,Premier League,2022,36.0,34.0,2920.0,,Midfielder,7.314285,False,33.0,14.0,2.0,0.0,6.0,,2976.0,33.0,75.0,67.0,14.0,33.0,314.0,184.0,33.0,25.0,,20.0,47.0,5.0,0.0,0.0,,,0.0,0.0,
Jack Peter,Grealish,29.0,England,175 cm,76 kg,Manchester City,Premier League,2022,28.0,23.0,2062.0,,Midfielder,7.310714,False,29.0,16.0,5.0,0.0,7.0,,989.0,50.0,30.0,25.0,3.0,7.0,270.0,162.0,73.0,45.0,,78.0,27.0,4.0,0.0,0.0,,,0.0,0.0,
Manuel Obafemi,Akanji,29.0,Switzerland,186 cm,91 kg,Manchester City,Premier League,2022,29.0,24.0,2284.0,,Defender,6.841379,False,10.0,3.0,0.0,0.0,1.0,,2021.0,7.0,65.0,36.0,9.0,16.0,154.0,77.0,9.0,6.0,,12.0,24.0,2.0,0.0,0.0,,,0.0,0.0,
Nathan Benjamin,Aké,29.0,Netherlands,180 cm,75 kg,Manchester City,Premier League,2022,26.0,22.0,1875.0,,Defender,7.0,False,7.0,2.0,1.0,0.0,,,1705.0,9.0,62.0,26.0,10.0,20.0,118.0,79.0,4.0,3.0,,14.0,12.0,2.0,0.0,0.0,,,0.0,0.0,
Lars,Dendoncker,21.0,Belgium,188 cm,,Brighton,Premier League,2022,,,,,Defender,,False,,,,,,,,,,,,,,,,,,,,,,,,,,,
Enock,Mwepu,24.0,Zambia,184 cm,76 kg,Brighton,Premier League,2022,6.0,2.0,211.0,,Midfielder,6.683333,False,2.0,1.0,0.0,0.0,1.0,,75.0,3.0,10.0,10.0,1.0,1.0,30.0,11.0,4.0,,,1.0,2.0,0.0,0.0,0.0,,,0.0,0.0,
Jack Samuel Lawrence,Hinchy,21.0,England,180 cm,70 kg,Brighton,Premier League,2022,0.0,0.0,0.0,,Midfielder,,False,,,0.0,,,,,,,,,,,,,,,,,0.0,0.0,0.0,,,,,
Edward James,Turns,22.0,Wales,,,Brighton,Premier League,2022,0.0,0.0,0.0,,Defender,,False,,,0.0,0.0,,,,,,,,,,,,,,,,0.0,0.0,0.0,,,0.0,0.0,
Imari-Narain,Che Hines-Samuels,21.0,England,,,Brighton,Premier League,2022,0.0,0.0,0.0,,Defender,,False,,,0.0,0.0,,,,,,,,,,,,,,,,0.0,0.0,0.0,,,0.0,0.0,
Jack Luca,Hinshelwood,19.0,England,,,Brighton,Premier League,2022,1.0,0.0,1.0,,Midfielder,6.7,False,,,0.0,0.0,,,3.0,,1.0,1.0,,,1.0,1.0,,,,,,0.0,0.0,0.0,,,0.0,0.0,
Kaoru,Mitoma,27.0,Japan,178 cm,73 kg,Brighton,Premier League,2022,33.0,24.0,2316.0,,Midfielder,6.896875,False,42.0,21.0,7.0,0.0,5.0,,914.0,41.0,23.0,44.0,,17.0,297.0,146.0,112.0,57.0,,27.0,29.0,0.0,0.0,0.0,,,0.0,0.0,
Alexis,Mac Allister,26.0,Argentina,176 cm,69 kg,Brighton,Premier League,2022,35.0,31.0,2886.0,,Midfielder,7.194285,False,66.0,34.0,10.0,0.0,2.0,,1803.0,47.0,44.0,70.0,2.0,22.0,331.0,191.0,60.0,39.0,,57.0,35.0,8.0,0.0,0.0,,,6.0,0.0,
Leandro,Trossard,30.0,Belgium,172 cm,61 kg,Brighton,Premier League,2022,16.0,16.0,1326.0,,Attacker,7.02,False,13.0,5.0,7.0,0.0,10.0,,389.0,23.0,17.0,12.0,,6.0,99.0,45.0,21.0,15.0,,17.0,9.0,1.0,0.0,0.0,,,0.0,0.0,
Odeluga Joshua,Offiah,22.0,England,181 cm,77 kg,Brighton,Premier League,2022,2.0,0.0,23.0,,Defender,6.25,False,,,0.0,0.0,,,29.0,,11.0,1.0,,,5.0,2.0,1.0,1.0,,,,0.0,0.0,0.0,,,0.0,0.0,
Joël Ivo,Veltman,32.0,Netherlands,184 cm,75 kg,Brighton,Premier League,2022,31.0,25.0,2194.0,,Defender,6.83,False,12.0,6.0,1.0,0.0,1.0,,1297.0,10.0,35.0,62.0,8.0,19.0,212.0,131.0,13.0,5.0,,38.0,27.0,6.0,0.0,0.0,,,0.0,0.0,
Pervis Josué,Estupiñán Tenorio,26.0,Ecuador,175 cm,73 kg,Brighton,Premier League,2022,35.0,31.0,2682.0,,Defender,6.88,False,17.0,5.0,1.0,0.0,5.0,,1621.0,51.0,38.0,61.0,8.0,37.0,283.0,142.0,37.0,19.0,,26.0,42.0,4.0,0.0,0.0,,,0.0,0.0,
Jan Paul,van Hecke,24.0,Netherlands,189 cm,79 kg,Brighton,Premier League,2022,8.0,3.0,291.0,,Defender,6.614285,False,2.0,,0.0,0.0,,,246.0,,28.0,8.0,5.0,6.0,39.0,18.0,,,,4.0,7.0,2.0,0.0,0.0,,,0.0,0.0,
Lewis Carl,Dunk,33.0,England,192 cm,88 kg,Brighton,Premier League,2022,36.0,36.0,3240.0,,Defender,6.922222,False,17.0,3.0,1.0,0.0,,,3208.0,9.0,80.0,30.0,27.0,34.0,218.0,129.0,4.0,4.0,,27.0,18.0,4.0,0.0,0.0,,,0.0,0.0,
Tariq Kwame,Nii-Lante Lamptey,24.0,Ghana,163 cm,55 kg,Brighton,Premier League,2022,20.0,3.0,438.0,,Defender,6.517647,False,4.0,,0.0,0.0,,,232.0,4.0,11.0,11.0,3.0,7.0,65.0,35.0,21.0,8.0,,14.0,6.0,1.0,0.0,0.0,,,0.0,0.0,
Thomas Peter,Wayne McGill,24.0,Canada,185 cm,80 kg,Brighton,Premier League,2022,0.0,0.0,0.0,,Goalkeeper,,False,,,0.0,0.0,,,,,,,,,,,,,,,,0.0,0.0,0.0,,,0.0,0.0,0.0
Jason Sean,Steele,34.0,England,188 cm,79 kg,Brighton,Premier League,2022,15.0,15.0,1350.0,,Goalkeeper,6.78,False,,,0.0,23.0,1.0,37.0,490.0,1.0,28.0,,,,4.0,3.0,1.0,1.0,,1.0,1.0,1.0,0.0,0.0,,,0.0,0.0,0.0
Moisés Isaac,Caicedo Corozo,23.0,Ecuador,178 cm,73 kg,Brighton,Premier League,2022,37.0,34.0,3140.0,,Midfielder,7.064864,False,13.0,8.0,1.0,0.0,1.0,,2209.0,43.0,53.0,100.0,7.0,56.0,374.0,218.0,48.0,27.0,,54.0,65.0,10.0,0.0,0.0,,,0.0,0.0,
Levi Lemar,Samuels Colwill,21.0,England,187 cm,83 kg,Brighton,Premier League,2022,17.0,13.0,1218.0,,Defender,6.74375,False,7.0,,0.0,0.0,2.0,,1148.0,7.0,59.0,8.0,3.0,15.0,99.0,64.0,1.0,1.0,,10.0,8.0,1.0,0.0,0.0,,,0.0,0.0,
Marc,Cucurella Saseta,26.0,Spain,172 cm,66 kg,Brighton,Premier League,2022,0.0,0.0,0.0,,Defender,6.9,False,3.0,,0.0,0.0,2.0,,1090.0,11.0,39.0,66.0,8.0,16.0,179.0,108.0,11.0,5.0,,21.0,16.0,0.0,0.0,0.0,,,0.0,0.0,
Joshua,Addae,,England,,,Crystal Palace,Premier League,2022,,,,,Defender,,False,,,,,,,,,,,,,,,,,,,,,,,,,,,
Joe,Sheridan,19.0,England,,,Crystal Palace,Premier League,2022,,,,,Defender,,False,,,,,,,,,,,,,,,,,,,,,,,,,,,
Maliq Anthony,Cadogan,18.0,England,,,Crystal Palace,Premier League,2022,,,,,Midfielder,,False,,,,,,,,,,,,,,,,,,,,,,,,,,,
Jadan,Raymond,19.0,England,,,Crystal Palace,Premier League,2022,,,,,Midfielder,,False,,,,,,,,,,,,,,,,,,,,,,,,,,,
Matthew,Vigor,18.0,England,,,Crystal Palace,Premier League,2022,,,,,Midfielder,,False,,,,,,,,,,,,,,,,,,,,,,,,,,,
James,McFarlane McArthur,36.0,Scotland,178 cm,75 kg,Crystal Palace,Premier League,2022,4.0,0.0,51.0,,Midfielder,6.475,False,,,0.0,0.0,,,52.0,,10.0,1.0,1.0,1.0,6.0,3.0,1.0,1.0,,1.0,,0.0,0.0,0.0,,,0.0,0.0,
Adler Bruno,Sá Nogueira de Nascimento,19.0,Portugal,,,Crystal Palace,Premier League,2022,0.0,0.0,0.0,,Attacker,,False,,,0.0,,,,,,,,,,,,,,,,,0.0,0.0,0.0,,,,,
Luka,Milivojević,33.0,Serbia,186 cm,80 kg,Crystal Palace,Premier League,2022,18.0,5.0,503.0,,Midfielder,6.629411,False,5.0,,0.0,0.0,,,252.0,2.0,11.0,13.0,4.0,12.0,55.0,23.0,1.0,1.0,,3.0,15.0,2.0,0.0,0.0,,,0.0,0.0,
John-Kymani Linton,Michael Gordon,21.0,England,181 cm,,Crystal Palace,Premier League,2022,0.0,0.0,0.0,,Attacker,,False,,,0.0,0.0,,,,,,,,,,,,,,,,0.0,0.0,0.0,,,0.0,0.0,
Kofi,Balmer,24.0,Northern Ireland,183 cm,,Crystal Palace,Premier League,2022,0.0,0.0,0.0,,Midfielder,,False,,,0.0,0.0,,,,,,,,,,,,,,,,0.0,0.0,0.0,,,0.0,0.0,
Owen Olamidayo,Goodman,21.0,England,,,Crystal Palace,Premier League,2022,0.0,0.0,0.0,,Goalkeeper,,False,,,0.0,0.0,,,,,,,,,,,,,,,,0.0,0.0,0.0,,,0.0,0.0,0.0
Luke Elliot,Plange,22.0,England,178 cm,,Crystal Palace,Premier League,2022,0.0,0.0,0.0,,Attacker,,False,,,0.0,0.0,,,,,,,,,,,,,,,,0.0,0.0,0.0,,,0.0,0.0,
Odsonne,Édouard,26.0,France,187 cm,83 kg,Crystal Palace,Premier League,2022,35.0,20.0,1806.0,,Attacker,6.605714,False,26.0,15.0,5.0,0.0,2.0,,406.0,17.0,8.0,25.0,5.0,3.0,285.0,98.0,43.0,15.0,,17.0,28.0,3.0,0.0,0.0,,,0.0,0.0,
Jean-Philippe,Mateta,27.0,France,192 cm,88 kg,Crystal Palace,Premier League,2022,29.0,6.0,753.0,,Attacker,6.555555,False,19.0,7.0,2.0,0.0,,,146.0,5.0,3.0,7.0,1.0,3.0,127.0,44.0,8.0,3.0,,8.0,16.0,3.0,0.0,0.0,,,0.0,0.0,
Jordan Pierre,Ayew,33.0,Ghana,182 cm,80 kg,Crystal Palace,Premier League,2022,38.0,31.0,2721.0,,Attacker,6.760526,False,22.0,11.0,4.0,0.0,3.0,,821.0,31.0,17.0,66.0,4.0,15.0,580.0,270.0,123.0,64.0,,90.0,48.0,5.0,0.0,0.0,,,0.0,0.0,
David Ikechukwu,Ozoh,19.0,England,,,Crystal Palace,Premier League,2022,1.0,0.0,0.0,,Midfielder,,False,,,0.0,0.0,,,3.0,,3.0,,,,,,,,,,,0.0,0.0,0.0,,,0.0,0.0,
Kaden Kai,Rodney,20.0,England,,,Crystal Palace,Premier League,2022,0.0,0.0,0.0,,Midfielder,,False,,,0.0,0.0,,,,,,,,,,,,,,,,0.0,0.0,0.0,,,0.0,0.0,
Jesurun,Rak-Sakyi,22.0,England,178 cm,,Crystal Palace,Premier League,2022,0.0,0.0,0.0,,Midfielder,,False,,,0.0,,,,,,,,,,,,,,,,,0.0,0.0,0.0,,,,,
Jaïro Jocquim,Riedewald,28.0,Netherlands,182 cm,79 kg,Crystal Palace,Premier League,2022,6.0,0.0,58.0,,Midfielder,6.45,False,1.0,,0.0,0.0,,,41.0,,16.0,2.0,,,8.0,5.0,,,,1.0,2.0,0.0,0.0,0.0,,,0.0,0.0,
Jack Campbell,Wells-Morrison,20.0,England,180 cm,,Crystal Palace,Premier League,2022,0.0,0.0,0.0,,Midfielder,,False,,,0.0,0.0,,,,,,,,,,,,,,,,0.0,0.0,0.0,,,0.0,0.0,
Nathan,Young-Coombes,20.0,England,175 cm,64 kg,Brentford,Premier League,2022,0.0,0.0,0.0,,Attacker,,False,,,0.0,,,,,,,,,,,,,,,,,0.0,0.0,0.0,,,,,
Tariqe,Fosu,28.0,Ghana,180 cm,75 kg,Brentford,Premier League,2022,0.0,0.0,0.0,,Midfielder,,False,,,0.0,,,,,,,,,,,,,,,,,0.0,0.0,0.0,,,,,
Michael Oluwakorede,Olakigbe,20.0,England,,,Brentford,Premier League,2022,0.0,0.0,0.0,,Attacker,,False,,,0.0,0.0,,,,,,,,,,,,,,,,0.0,0.0,0.0,,,0.0,0.0,
Charles James,Goode,29.0,England,196 cm,89 kg,Brentford,Premier League,2022,0.0,0.0,0.0,,Defender,,False,,,0.0,0.0,,,,,,,,,,,,,,,,0.0,0.0,0.0,,,0.0,0.0,
Mads,Bech Sørensen,25.0,Denmark,189 cm,92 kg,Brentford,Premier League,2022,3.0,0.0,17.0,,Defender,6.45,False,,,0.0,0.0,,,7.0,,3.0,,,1.0,1.0,1.0,,,,,,0.0,0.0,0.0,,,0.0,0.0,
Tristan,Crama,23.0,France,192 cm,78 kg,Brentford,Premier League,2022,0.0,0.0,0.0,,Defender,,False,,,0.0,0.0,,,,,,,,,,,,,,,,0.0,0.0,0.0,,,0.0,0.0,
Matthew Aidan,Cox,21.0,England,182 cm,64 kg,Brentford,Premier League,2022,0.0,0.0,0.0,,Goalkeeper,,False,,,0.0,0.0,,,,,,,,,,,,,,,,0.0,0.0,0.0,,,0.0,0.0,0.0
Christian,Thers Nørgaard,30.0,Denmark,187 cm,77 kg,Brentford,Premier League,2022,22.0,21.0,1771.0,,Midfielder,6.981818,False,15.0,10.0,1.0,0.0,3.0,,793.0,12.0,27.0,52.0,9.0,34.0,200.0,98.0,18.0,8.0,,20.0,35.0,6.0,0.0,0.0,,,0.0,0.0,
Finley John,Stevens,21.0,Wales,179 cm,73 kg,Brentford,Premier League,2022,0.0,0.0,0.0,,Defender,,False,,,0.0,0.0,,,,,,,,,,,,,,,,0.0,0.0,0.0,,,0.0,0.0,
Pontus Sven Gustav,Jansson,33.0,Sweden,194 cm,89 kg,Brentford,Premier League,2022,12.0,9.0,723.0,,Defender,6.81,False,4.0,2.0,1.0,0.0,,,315.0,,25.0,5.0,9.0,9.0,50.0,33.0,2.0,2.0,,1.0,2.0,0.0,0.0,0.0,,,0.0,0.0,
David,Raya Martin,29.0,Spain,183 cm,80 kg,Brentford,Premier League,2022,38.0,38.0,3420.0,,Goalkeeper,7.189473,False,1.0,,0.0,46.0,,154.0,1475.0,2.0,23.0,,,1.0,22.0,18.0,1.0,1.0,,5.0,,1.0,0.0,0.0,,,0.0,0.0,0.0
Keane William,Lewis-Potter,23.0,England,170 cm,67 kg,Brentford,Premier League,2022,10.0,3.0,317.0,,Attacker,6.666666,False,4.0,2.0,0.0,0.0,1.0,,76.0,5.0,4.0,1.0,1.0,,36.0,13.0,14.0,4.0,,4.0,1.0,0.0,0.0,0.0,,,0.0,0.0,
Ivan Benjamin Elijah,Toney,28.0,England,179 cm,70 kg,Brentford,Premier League,2022,33.0,33.0,2955.0,,Attacker,7.287878,False,78.0,42.0,20.0,0.0,4.0,,736.0,27.0,13.0,23.0,9.0,14.0,479.0,220.0,43.0,14.0,,74.0,52.0,9.0,0.0,0.0,,,6.0,1.0,
Sayed Saman,Ghoddos,31.0,Iran,175 cm,79 kg,Brentford,Premier League,2022,15.0,0.0,125.0,,Attacker,6.56923,False,1.0,1.0,0.0,0.0,,,69.0,4.0,4.0,2.0,1.0,4.0,22.0,10.0,2.0,,,3.0,3.0,0.0,0.0,0.0,,,0.0,0.0,
Ryan,Trevitt,21.0,England,170 cm,65 kg,Brentford,Premier League,2022,0.0,0.0,0.0,,Midfielder,,False,,,0.0,0.0,,,,,,,,,,,,,,,,0.0,0.0,0.0,,,0.0,0.0,
Yehor,Yarmoliuk,20.0,Ukraine,180 cm,72 kg,Brentford,Premier League,2022,0.0,0.0,0.0,,Midfielder,,False,,,0.0,0.0,,,,,,,,,,,,,,,,0.0,0.0,0.0,,,0.0,0.0,
Vitaly,Janelt,26.0,Germany,184 cm,79 kg,Brentford,Premier League,2022,35.0,24.0,2208.0,,Midfielder,6.845714,False,11.0,5.0,3.0,0.0,1.0,,977.0,16.0,22.0,54.0,9.0,29.0,206.0,114.0,21.0,7.0,,21.0,22.0,3.0,0.0,0.0,,,0.0,0.0,
Shandon Harkeem,Baptiste,26.0,Grenada,175 cm,67 kg,Brentford,Premier League,2022,23.0,4.0,604.0,,Midfielder,6.647826,False,2.0,1.0,0.0,0.0,1.0,,279.0,10.0,11.0,15.0,2.0,7.0,76.0,39.0,9.0,6.0,,12.0,11.0,2.0,1.0,0.0,,,0.0,0.0,
Mikkel,Krogh Damsgaard,24.0,Denmark,180 cm,66 kg,Brentford,Premier League,2022,26.0,9.0,980.0,,Midfielder,6.623076,False,9.0,6.0,0.0,0.0,,,371.0,11.0,10.0,31.0,2.0,10.0,122.0,61.0,18.0,9.0,,11.0,13.0,4.0,0.0,0.0,,,0.0,0.0,
Bryan Tetsadong Marceau,Mbeumo,25.0,Cameroon,173 cm,64 kg,Brentford,Premier League,2022,38.0,36.0,2931.0,,Midfielder,7.068421,False,59.0,33.0,9.0,0.0,8.0,,809.0,53.0,15.0,26.0,1.0,13.0,338.0,127.0,80.0,43.0,,23.0,27.0,5.0,0.0,0.0,,,1.0,0.0,
James Boluwatife,Debayo,18.0,England,,,Leeds,Premier League,2022,0.0,0.0,0.0,,Defender,,False,,,0.0,,,,,,,,,,,,,,,,,0.0,0.0,0.0,,,,,
Amari Miquel,Miller,21.0,England,174 cm,,Leeds,Premier League,2022,0.0,0.0,0.0,,Midfielder,,False,,,0.0,,,,,,,,,,,,,,,,,0.0,0.0,0.0,,,,,
Joseph Leonard,Snowdon,19.0,England,,,Leeds,Premier League,2022,0.0,0.0,0.0,,Midfielder,,False,,,0.0,,,,,,,,,,,,,,,,,0.0,0.0,0.0,,,,,
Hélder Wander,Sousa de Azevedo e Costa,30.0,Angola,178 cm,79 kg,Leeds,Premier League,2022,0.0,0.0,0.0,,Attacker,,False,,,0.0,,,,,,,,,,,,,,,,,0.0,0.0,0.0,,,,,
Diogo,Pinheiro Monteiro,19.0,Portugal,184 cm,75 kg,Leeds,Premier League,2022,0.0,0.0,0.0,,Defender,,False,,,0.0,0.0,,,,,,,,,,,,,,,,0.0,0.0,0.0,,,0.0,0.0,
Charlie Steven,Allen,21.0,Northern Ireland,,,Leeds,Premier League,2022,0.0,0.0,0.0,,Midfielder,,False,,,0.0,,,,,,,,,,,,,,,,,0.0,0.0,0.0,,,,,
Rodrigo,Moreno Machado,33.0,Spain,182 cm,77 kg,Leeds,Premier League,2022,31.0,23.0,1943.0,,Attacker,6.896774,False,47.0,27.0,13.0,0.0,1.0,,516.0,16.0,12.0,24.0,4.0,6.0,224.0,80.0,26.0,11.0,,11.0,29.0,6.0,0.0,0.0,,,1.0,0.0,
Joel,Robles Blázquez,34.0,Spain,195 cm,78 kg,Leeds,Premier League,2022,4.0,4.0,360.0,,Goalkeeper,6.45,False,,,0.0,11.0,,16.0,102.0,,10.0,,,,4.0,3.0,,,,,,1.0,0.0,0.0,,,0.0,0.0,0.0
Jeremiah,Chukwuedo Chilokoa-Mullen,20.0,Scotland,,,Leeds,Premier League,2022,0.0,0.0,0.0,,Defender,,False,,,0.0,0.0,,,,,,,,,,,,,,,,0.0,0.0,0.0,,,0.0,0.0,
Jack David,Harrison,28.0,England,175 cm,70 kg,Leeds,Premier League,2022,36.0,34.0,2728.0,,Midfielder,6.747222,False,27.0,14.0,5.0,0.0,7.0,,932.0,55.0,18.0,41.0,2.0,22.0,366.0,129.0,105.0,46.0,,37.0,38.0,2.0,0.0,0.0,,,0.0,0.0,
Luis Fernando,Sinisterra Lucumí,25.0,Colombia,172 cm,60 kg,Leeds,Premier League,2022,19.0,13.0,874.0,,Attacker,6.722222,False,22.0,11.0,5.0,0.0,,,329.0,9.0,14.0,21.0,1.0,8.0,149.0,70.0,36.0,19.0,,12.0,14.0,2.0,1.0,0.0,,,0.0,0.0,
Tyler Shaan,Adams,25.0,USA,173 cm,72 kg,Leeds,Premier League,2022,24.0,24.0,2157.0,,Midfielder,7.004166,False,2.0,,0.0,0.0,,,1323.0,24.0,45.0,89.0,8.0,35.0,249.0,142.0,19.0,7.0,,21.0,37.0,5.0,1.0,0.0,,,0.0,0.0,
Brenden Russell,Aaronson,24.0,USA,177 cm,68 kg,Leeds,Premier League,2022,36.0,28.0,2384.0,,Midfielder,6.513888,False,29.0,9.0,1.0,0.0,3.0,,718.0,47.0,15.0,45.0,3.0,5.0,354.0,141.0,81.0,33.0,,55.0,16.0,2.0,0.0,0.0,,,0.0,0.0,
Maximilian,Wöber,26.0,Austria,188 cm,85 kg,Leeds,Premier League,2022,16.0,14.0,1264.0,,Defender,6.84375,False,5.0,2.0,0.0,0.0,,,644.0,6.0,28.0,25.0,14.0,27.0,100.0,53.0,1.0,,,1.0,15.0,3.0,0.0,0.0,,,0.0,0.0,
Robin Leon,Koch,28.0,Germany,191 cm,86 kg,Leeds,Premier League,2022,36.0,36.0,3178.0,,Defender,6.625,False,13.0,4.0,0.0,0.0,,,1588.0,6.0,34.0,53.0,21.0,43.0,321.0,182.0,3.0,1.0,,17.0,35.0,7.0,0.0,0.0,,,0.0,0.0,
Rasmus,Nissen Kristensen,27.0,Denmark,187 cm,70 kg,Leeds,Premier League,2022,26.0,21.0,1959.0,,Defender,6.736,False,11.0,5.0,3.0,0.0,1.0,,833.0,9.0,23.0,63.0,14.0,35.0,200.0,109.0,13.0,6.0,,6.0,19.0,4.0,0.0,0.0,,,0.0,0.0,
Diego Javier,Llorente Ríos,31.0,Spain,186 cm,75 kg,Leeds,Premier League,2022,8.0,7.0,648.0,,Defender,6.7625,False,5.0,,0.0,0.0,,,427.0,,44.0,13.0,2.0,15.0,54.0,35.0,3.0,2.0,,2.0,6.0,1.0,0.0,0.0,,,0.0,0.0,
Weston James Earl,McKennie,26.0,USA,183 cm,84 kg,Leeds,Premier League,2022,19.0,16.0,1440.0,,Midfielder,6.668421,False,10.0,2.0,0.0,0.0,1.0,,590.0,13.0,24.0,30.0,3.0,22.0,163.0,71.0,15.0,11.0,,5.0,21.0,7.0,0.0,0.0,,,0.0,0.0,
Adam John,Forshaw,33.0,England,174 cm,71 kg,Leeds,Premier League,2022,12.0,5.0,477.0,,Midfielder,6.65,False,,,0.0,0.0,,,222.0,8.0,15.0,12.0,1.0,4.0,60.0,27.0,11.0,8.0,,5.0,6.0,0.0,0.0,0.0,,,0.0,0.0,
Darko Boateng,Gyabi,20.0,England,196 cm,,Leeds,Premier League,2022,1.0,0.0,7.0,,Midfielder,7.0,False,,,0.0,0.0,,,4.0,,4.0,2.0,,,3.0,3.0,,,,1.0,,0.0,0.0,0.0,,,0.0,0.0,
Lewis,Grabban,34.0,England,183 cm,78 kg,Nottingham Forest,Premier League,2022,,,,,Attacker,,False,,,,,,,,,,,,,,,,,,,,,,,,,,,
Harry Nicholas,Arter,34.0,Republic of Ireland,176 cm,70 kg,Nottingham Forest,Premier League,2022,0.0,0.0,0.0,,Midfielder,,False,,,0.0,,,,,,,,,,,,,,,,,0.0,0.0,0.0,,,,,
Scott,Fraser McKenna,28.0,Scotland,189 cm,74 kg,Nottingham Forest,Premier League,2022,20.0,19.0,1573.0,,Defender,6.678947,False,2.0,,0.0,0.0,,,700.0,8.0,27.0,12.0,14.0,12.0,94.0,57.0,6.0,5.0,,4.0,8.0,4.0,0.0,0.0,,,0.0,0.0,
Lyle James Alfred,Taylor,34.0,Montserrat,188 cm,75 kg,Nottingham Forest,Premier League,2022,0.0,0.0,0.0,,Attacker,,False,,,0.0,0.0,,,,,,,,,,,,,,,,0.0,0.0,0.0,,,0.0,0.0,
Jordan Clifford,Smith,30.0,England,,,Nottingham Forest,Premier League,2022,0.0,0.0,0.0,,Goalkeeper,,False,,,0.0,0.0,,,,,,,,,,,,,,,,0.0,0.0,0.0,,,0.0,0.0,0.0
Oliver Jack,Hammond,22.0,Wales,,,Nottingham Forest,Premier League,2022,0.0,0.0,0.0,,Midfielder,,False,,,0.0,0.0,,,,,,,,,,,,,,,,0.0,0.0,0.0,,,0.0,0.0,
Alexander Cole,Mighten,22.0,England,172 cm,70 kg,Nottingham Forest,Premier League,2022,1.0,0.0,7.0,,Attacker,6.2,False,,,0.0,0.0,,,1.0,,1.0,,,,4.0,1.0,2.0,,,1.0,,0.0,0.0,0.0,,,0.0,0.0,
Dale,Taylor,21.0,Northern Ireland,,,Nottingham Forest,Premier League,2022,0.0,0.0,0.0,,Attacker,,False,,,0.0,0.0,,,,,,,,,,,,,,,,0.0,0.0,0.0,,,0.0,0.0,
George William,Shelvey,23.0,England,188 cm,83 kg,Nottingham Forest,Premier League,2022,0.0,0.0,0.0,,Goalkeeper,,False,,,0.0,0.0,,,,,,,,,,,,,,,,0.0,0.0,0.0,,,0.0,0.0,1.0
Christopher Grant,Wood,33.0,New Zealand,191 cm,81 kg,Nottingham Forest,Premier League,2022,7.0,5.0,376.0,,Attacker,6.593333,False,8.0,4.0,1.0,0.0,,,106.0,3.0,5.0,5.0,2.0,1.0,67.0,33.0,1.0,1.0,,4.0,4.0,0.0,0.0,0.0,,,1.0,0.0,
Taiwo Micheal,Awoniyi,27.0,Nigeria,183 cm,84 kg,Nottingham Forest,Premier League,2022,27.0,17.0,1411.0,,Attacker,6.714814,False,32.0,15.0,10.0,0.0,1.0,,219.0,10.0,5.0,17.0,4.0,4.0,188.0,61.0,17.0,5.0,,19.0,24.0,2.0,0.0,0.0,,,0.0,0.0,
Danilo,dos Santos de Oliveira,23.0,Brazil,176 cm,69 kg,Nottingham Forest,Premier League,2022,13.0,12.0,982.0,,Midfielder,6.907692,False,12.0,4.0,3.0,0.0,2.0,,227.0,9.0,11.0,18.0,6.0,9.0,88.0,39.0,18.0,14.0,,3.0,4.0,1.0,0.0,0.0,,,0.0,0.0,
Ryan James,Yates,27.0,England,190 cm,87 kg,Nottingham Forest,Premier League,2022,26.0,21.0,1839.0,,Midfielder,6.711538,False,19.0,5.0,0.0,0.0,2.0,,577.0,7.0,17.0,38.0,8.0,10.0,216.0,123.0,6.0,3.0,,53.0,50.0,5.0,0.0,0.0,,,0.0,0.0,
Morgan Anthony,Gibbs-White,24.0,England,171 cm,,Nottingham Forest,Premier League,2022,35.0,34.0,2978.0,,Midfielder,7.008571,False,42.0,22.0,5.0,0.0,8.0,,896.0,68.0,17.0,26.0,4.0,14.0,402.0,152.0,86.0,42.0,,28.0,32.0,5.0,0.0,0.0,,,2.0,0.0,
Cheikhou,Kouyaté,35.0,Senegal,189 cm,83 kg,Nottingham Forest,Premier League,2022,21.0,10.0,879.0,,Midfielder,6.685714,False,5.0,5.0,1.0,0.0,,,245.0,7.0,8.0,30.0,2.0,10.0,108.0,65.0,6.0,5.0,,12.0,22.0,3.0,0.0,0.0,,,0.0,0.0,
Willy-Arnaud,Zobo Boly,33.0,Côte d'Ivoire,195 cm,92 kg,Nottingham Forest,Premier League,2022,11.0,9.0,687.0,,Defender,6.82,False,1.0,1.0,0.0,0.0,1.0,,257.0,1.0,19.0,13.0,4.0,12.0,53.0,34.0,1.0,1.0,,5.0,5.0,2.0,0.0,0.0,,,0.0,0.0,
Moussa,Niakhaté,28.0,Senegal,190 cm,82 kg,Nottingham Forest,Premier League,2022,14.0,14.0,1166.0,,Defender,6.621428,False,6.0,3.0,0.0,0.0,,,299.0,1.0,16.0,18.0,8.0,19.0,85.0,43.0,4.0,,,6.0,12.0,1.0,0.0,0.0,,,0.0,0.0,
Felipe Augusto,de Almeida Monteiro,35.0,Brazil,190 cm,83 kg,Nottingham Forest,Premier League,2022,16.0,15.0,1419.0,,Defender,6.98125,False,8.0,1.0,0.0,0.0,1.0,,556.0,7.0,25.0,42.0,13.0,36.0,188.0,119.0,17.0,14.0,,11.0,15.0,4.0,0.0,0.0,,,0.0,0.0,
Harry Stefano,Toffolo,29.0,England,183 cm,71 kg,Nottingham Forest,Premier League,2022,19.0,9.0,933.0,,Defender,6.588888,False,5.0,2.0,0.0,0.0,,,291.0,5.0,11.0,17.0,8.0,10.0,75.0,38.0,8.0,3.0,,5.0,10.0,2.0,0.0,0.0,,,0.0,0.0,
Neco Shay,Williams,23.0,Wales,183 cm,72 kg,Nottingham Forest,Premier League,2022,31.0,20.0,1876.0,,Defender,6.683333,False,20.0,7.0,1.0,0.0,,,603.0,15.0,14.0,72.0,8.0,33.0,272.0,134.0,49.0,18.0,,27.0,33.0,7.0,0.0,0.0,,,0.0,0.0,
Arjan,Singh Raikhy,20.0,England,,,Aston Villa,Premier League,2022,,,,,Midfielder,,False,,,,,,,,,,,,,,,,,,,,,,,,,,,
Sil,Laurentius Swinkels,19.0,Netherlands,190 cm,,Aston Villa,Premier League,2022,0.0,0.0,0.0,,Defender,,False,,,0.0,0.0,,,,,,,,,,,,,,,,0.0,0.0,0.0,,,0.0,0.0,
Anwar,El Ghazi,28.0,Netherlands,189 cm,90 kg,Aston Villa,Premier League,2022,0.0,0.0,0.0,,Attacker,,False,,,0.0,,,,,,,,,,,,,,,,,0.0,0.0,0.0,,,,,
Kadan,Young,18.0,England,176 cm,,Aston Villa,Premier League,2022,0.0,0.0,0.0,,Attacker,,False,,,0.0,0.0,,,,,,,,,,,,,,,,0.0,0.0,0.0,,,0.0,0.0,
Travis,Patterson,19.0,England,,,Aston Villa,Premier League,2022,0.0,0.0,0.0,,Midfielder,,False,,,0.0,0.0,,,,,,,,,,,,,,,,0.0,0.0,0.0,,,0.0,0.0,
Lamare Trenton,Chansey Bogarde,20.0,Netherlands,,,Aston Villa,Premier League,2022,0.0,0.0,0.0,,Defender,,False,,,0.0,0.0,,,,,,,,,,,,,,,,0.0,0.0,0.0,,,0.0,0.0,
Jed John,Steer,32.0,England,183 cm,80 kg,Aston Villa,Premier League,2022,0.0,0.0,0.0,,Goalkeeper,,False,,,0.0,,,,,,,,,,,,,,,,,0.0,0.0,0.0,,,,,
Filip,Marschall,21.0,England,195 cm,87 kg,Aston Villa,Premier League,2022,0.0,0.0,0.0,,Goalkeeper,,False,,,0.0,0.0,,,,,,,,,,,,,,,,0.0,0.0,0.0,,,0.0,0.0,0.0
Viljami Kari Veikko,Sinisalo,23.0,Finland,190 cm,,Aston Villa,Premier League,2022,0.0,0.0,0.0,,Goalkeeper,,False,,,0.0,0.0,,,,,,,,,,,,,,,,0.0,0.0,0.0,,,0.0,0.0,0.0
John,McGinn,30.0,Scotland,178 cm,68 kg,Aston Villa,Premier League,2022,34.0,30.0,2697.0,,Midfielder,7.005882,False,29.0,11.0,1.0,0.0,3.0,,970.0,19.0,23.0,66.0,4.0,24.0,345.0,198.0,58.0,44.0,,66.0,41.0,7.0,0.0,0.0,,,0.0,0.0,
Douglas Luiz,Soares de Paulo,26.0,Brazil,175 cm,66 kg,Aston Villa,Premier League,2022,37.0,33.0,2933.0,,Midfielder,7.1,False,22.0,12.0,6.0,0.0,6.0,,1694.0,46.0,39.0,73.0,7.0,40.0,310.0,162.0,39.0,23.0,,42.0,48.0,6.0,0.0,1.0,,,0.0,0.0,
Leander,Dendoncker,29.0,Belgium,188 cm,83 kg,Aston Villa,Premier League,2022,20.0,7.0,689.0,,Midfielder,6.589473,False,1.0,,0.0,0.0,,,281.0,5.0,13.0,19.0,4.0,10.0,56.0,32.0,4.0,2.0,,1.0,1.0,0.0,0.0,0.0,,,0.0,0.0,
Philippe,Coutinho Correia,32.0,Brazil,172 cm,68 kg,Aston Villa,Premier League,2022,20.0,7.0,781.0,,Midfielder,6.655,False,16.0,8.0,1.0,0.0,,,357.0,8.0,14.0,19.0,1.0,4.0,117.0,50.0,29.0,14.0,,14.0,16.0,3.0,0.0,0.0,,,0.0,0.0,
Marvelous,Nakamba,30.0,Zimbabwe,178 cm,71 kg,Aston Villa,Premier League,2022,0.0,0.0,0.0,,Midfielder,,False,,,0.0,0.0,,,,,,,,,,,,,,,,0.0,0.0,0.0,,,0.0,0.0,
Ashley Simon,Young,39.0,England,175 cm,65 kg,Aston Villa,Premier League,2022,29.0,23.0,2038.0,,Defender,6.882142,False,8.0,3.0,1.0,0.0,,,966.0,14.0,27.0,50.0,11.0,21.0,158.0,99.0,18.0,8.0,,28.0,24.0,7.0,0.0,0.0,,,0.0,0.0,
Carney Chibueze,Chukwuemeka,21.0,England,187 cm,77 kg,Aston Villa,Premier League,2022,0.0,0.0,0.0,,Midfielder,6.691666,False,2.0,1.0,0.0,0.0,,,200.0,8.0,12.0,13.0,,6.0,42.0,24.0,10.0,5.0,,5.0,2.0,0.0,0.0,0.0,,,0.0,0.0,
Daniel William John,Ings,32.0,England,178 cm,73 kg,Aston Villa,Premier League,2022,18.0,8.0,819.0,,Attacker,6.872222,False,21.0,14.0,6.0,0.0,,,158.0,9.0,6.0,10.0,1.0,1.0,86.0,40.0,15.0,9.0,,5.0,8.0,3.0,0.0,0.0,,,2.0,0.0,
Jhon Jader,Durán Palacio,21.0,Colombia,185 cm,73 kg,Aston Villa,Premier League,2022,12.0,0.0,124.0,,Attacker,6.47,False,5.0,2.0,0.0,0.0,,,26.0,1.0,1.0,2.0,,2.0,38.0,13.0,2.0,1.0,,3.0,9.0,1.0,0.0,0.0,,,0.0,0.0,
Timothy Emeka,Iroegbunam,21.0,England,183 cm,,Aston Villa,Premier League,2022,0.0,0.0,0.0,,Midfielder,,False,,,0.0,0.0,,,,,,,,,,,,,,,,0.0,0.0,0.0,,,0.0,0.0,
Oliver George Arthur,Watkins,29.0,England,180 cm,70 kg,Aston Villa,Premier League,2022,37.0,36.0,3136.0,,Attacker,6.837837,False,70.0,47.0,15.0,0.0,6.0,,549.0,31.0,10.0,19.0,4.0,10.0,362.0,144.0,53.0,17.0,,39.0,26.0,4.0,0.0,0.0,,,1.0,1.0,
